Name,Rating,Address,URL,Price,Type,Phone,Cousine,Meals
Nyonya Makko Restaurant,3.5 ,"No. 123, Melaka 75000 Malaysia",,$$ - $$$,$$ - $$$AsianNonya/MalaysianMalaysian,+60 6-284 0737,"Asian, Malaysian","Lunch, Dinner"
Nancy's Kitchen Restaurant,3.5 ,"13 13-1, 13-2, Jalan Kl 3/8 Taman Kota Laksamana, Seksyen 3,, Melaka 75200 Malaysia",http://www.facebook.com/Nancys-Kitchen-179319410162/timeline/,$$ - $$$,$$ - $$$AsianNonya/MalaysianMalaysian,+60 6-283 6099,"Asian, Malaysian","Lunch, Dinner"
eha fruit & vege bistro,4.5 ,"57 Lorong Hang Jebat 75200, Melaka 75200 Malaysia",http://www.facebook.com/ehajuicenveggiebistro,$$ - $$$,$$ - $$$DessertHealthyMalaysian,606-2818208,"Vegan Options, Vegetarian Friendly","Breakfast, Lunch, Dinner"
Locahouz,4.5 ,"No 8 Jalan Bukit Cina, Melaka 75100 Malaysia",http://www.facebook.com/Locahouz-588124554643920/timeline,$$ - $$$,$$ - $$$DessertChineseAmerican,+60 19-679 3993,"American, Cafe, Chinese, Fusion",Vegetarian Friendly
EeJiBan Chicken Rice Ball Halal,3.5 ,"275 Jalan Melaka Raya 3, Melaka 75000 Malaysia",http://www.facebook.com/EeJiBan-Chicken-Rice-Ball-Halal-94461985851,$$ - $$$,$$ - $$$ChineseAsianMalaysian,+60 16-216 5220,Halal,"Lunch, Dinner, Brunch"
Rock Bottom Malacca,4.5 ,"Jalan Persiaran Bunga Raya GF-09, The Shore Shopping Gallery, Melaka 75100 Malaysia",,$$ - $$$,$$ - $$$IndianBarPub,+60 12-673 5037,"Vegetarian Friendly, Vegan Options","Lunch, Dinner, Brunch"
Cottage Spices A Taste of Melaka,4.0 ,"171 Jalan Taman Melaka Raya, Melaka 75000 Malaysia",,$$ - $$$,$$ - $$$AsianNonya/Malaysian,+60 19-667 9797,Asian,"Lunch, Dinner"
Bei Zhan Restaurant,4.0 ,"43 Jalan Kota Laksamana 2, Melaka 75200 Malaysia",http://www.beizhan.com.my/,$$ - $$$,$$ - $$$ChineseAsianCantonese,+60 6-281 2684,"Vegetarian Friendly, Vegan Options","Lunch, Dinner"
The Coffee Jar,4.5 ,"No. 38 Lorong Hang Jebat, Melaka 75200 Malaysia",https://www.facebook.com/thecoffeejarmelaka/,$$ - $$$,$$ - $$$Cafe,+60 12-281 5100,Cafe,"Seating, Takeout"
Our Kitchen Nyonya Restaurant,4.5 ,"No 15, Jalan Hang Lekir, Melaka 75200 Malaysia",https://www.facebook.com/ourkitchen15/,$,$ChineseEuropeanAsian,+60 18-264 4185,"Chinese, European, Asian, Singaporean, Malaysian","Vegetarian Friendly, Vegan Options"
Limau Limau Cafe,5.0 ,"No. 9 Jalan Hang Lekiu, Melaka 75200 Malaysia",http://limaulimau.com/,$$ - $$$,$$ - $$$CafeEuropeanHealthy,+60 18-781 3760,"Cafe, Healthy, European","Vegetarian Friendly, Vegan Options"
Congee Rice Noodles Restaurant,4.5 ,"353 Jalan Melaka Raya 4 75000 Taman Melaka Raya, Melaka 75000 Malaysia",http://www.congeericenoodles.com/,$$ - $$$,$$ - $$$ChineseAsianCantonese,+60 6-286 3286,"Vegan Options, Vegetarian Friendly",Dinner
Restoran Aunty Lee,4.0 ,"385 Jalan Ujong Pasir Taman Sinn, Melaka 75050 Malaysia",http://www.auntylee.com.my/,$$ - $$$,$$ - $$$AsianNonya/MalaysianMalaysian,+60 6-283 1009,"Asian, Malaysian","Lunch, Dinner"
Monterios Portuguese Seafood Restaurant,4.5 ,"Lot 18C, Medan Portugis, Kampong Portugis, Portugis Square, Melaka 75050 Malaysia",http://www.facebook.com/MonteriosPortugueseSeafoodRestaurant,$$ - $$$,$$ - $$$SeafoodAsianFusion,+60 14-232 6769,"Seafood, Asian, Portuguese, Malaysian, Fusion",Gluten Free Options
Sirocco Restaurant,4.0 ,"Bandar Melaka, 75000 Jalan Syed Abdul Aziz Holiday Inn Melaka, Melaka 75000 Malaysia",http://www.melaka.holidayinn.com/,$$ - $$$,$$ - $$$ItalianPizzaEuropean,+60 6-285 9000,"Italian, European, Pizza",Vegetarian Friendly
Bernie's Pub,5.0 ,"No. 5 Jalan 24, Melaka 75460 Malaysia",,$,$BarPub,+60 16-604 6484,Drinks,"Serves Alcohol, Seating"
Sin See Tai,5.0 ,"18 Lorong Jambatan Kampung Jawa, Melaka 75100 Malaysia",,$$ - $$$,$$ - $$$CafeFusionHealthy,,"Vegetarian Friendly, Vegan Options","Breakfast, Lunch, Brunch"
S Sihat Kafe,4.5 ,"55 Taman Sentosa,, Melaka 75150 Malaysia",,$,$IndianCafeFusion,+60 12-906 4822,"Indian, Healthy, Cafe, Fusion","Vegetarian Friendly, Vegan Options, Gluten Free Options"
Busdriver.Cafe,5.0 ,"103 Lorong Hang Jebat, Melaka 75200 Malaysia",https://www.facebook.com/busdrivercafe-2143905369234927/,$,$BarPizzaInternational,+60 17-322 1511,"Bar, Pizza, International, Fusion","Dinner, After-hours, Drinks"
Low Yong Moh Restaurant,4.0 ,"32 Jalan Tukang Emas, Melaka 75200 Malaysia",http://www.facebook.com/pages/Low-Yong-Moh-Restaurant/167734796631094,$,$ChineseAsianCantonese,+60 6-282 1235,"Breakfast, Brunch","Takeout, Seating, Wheelchair Accessible, Table Service"
Patma's,5.0 ,"1-15, Jalan Bunga Raya, Kampung Jawa, Melaka 75100 Malaysia",,$,$AsianHealthyMalaysian,,"Breakfast, Lunch, Dinner","Seating, Table Service, Reservations"
Peranakan Place Jonker Street,4.0 ,"54, Jln Hang Jebat, Melaka 75200 Malaysia",http://www.peranakan.com.my/,$,$Quick BitesAsianMalaysian,+60 12-233 2816,"Asian, Malaysian","Lunch, Dinner"
Cat Walk Studio,5.0 ,"No.7, 7-1, Jalan TU 40, Taman Tasik Utama,, Ayer Keroh 75450 Malaysia",http://pdc.agency/web/cat/,$$ - $$$,$$ - $$$CafeAsianIndonesian,+60 17-635 7242,"Lunch, Dinner, Brunch","Accepts Credit Cards, Reservations, Table Service"
Amy Heritage Nyonya Cuisine,3.5 ,"75 Jalan Melaka Raya 24 Taman Melaka Raya, Melaka 75000 Malaysia",,$$ - $$$,$$ - $$$AsianNonya/MalaysianMalaysian,60 6 286 8819 ,Vegetarian Friendly,"Lunch, Dinner"
Ban Lee Siang,3.5 ,"45E Jalan Ong Kim Wee, Melaka Malaysia",http://www.facebook.com/banleesiangsataycelup/timeline,$,$ChineseAsianMalaysian,+60 12-651 5322,"Dinner, After-hours","Outdoor Seating, Seating, Table Service"
Shui Xian Su Shi Yuan Vegetarian Food,4.5 ,"Jalan Hang Lekiu, Melaka 75200 Malaysia",,$,$ChineseAsianMalaysian,+60 12-635 8052,"Vegetarian Friendly, Vegan Options","Breakfast, Lunch, Brunch"
Daorae Korean BBQ Restaurant,4.0 ,"No. 100-A 100! Taman Melaka Raya Malacca, Melaka 75000 Malaysia",http://www.facebook.com/DaoraeMelaka/,$$ - $$$,$$ - $$$BarbecueAsianKorean,6062922616,"Lunch, Dinner","Reservations, Seating, Highchairs Available, Serves Alcohol, Table Service, Takeout"
Molten Chocolate Cafe,4.5 ,"105 Jalan Merdeka Taman Melaka Raya, Melaka Malaysia",,$$ - $$$,$$ - $$$DessertVegetarian Friendly,+60 6-292 1938,,
Eat at 18,4.5 ,"Jalan Hang Lekiu No 18, Melaka 75200 Malaysia",http://eat18.com/,$$ - $$$,$$ - $$$CafeVegetarian FriendlyVegan Options,+60 16-274 9686,"Vegetarian Friendly, Vegan Options","Breakfast, Brunch, Lunch"
Eggxtra,4.0 ,"Jalan Melaka Raya 15 No 32, Melaka 75000 Malaysia",http://emiliescookies.com/fr_FR/,$$ - $$$,$$ - $$$CafeVegetarian FriendlyVegan Options,+60 6-286 6366,"Vegetarian Friendly, Vegan Options","Breakfast, Lunch, Brunch, Dinner"
Dutch Harbour Cafe,3.5 ,"No. 14 A&B, Jalan Laksamana, Melaka 75100 Malaysia",http://www.dutchharbourmelaka.com/,$$ - $$$,$$ - $$$CafeAsianMalaysian,+60 6-288 2820,Halal,"Dinner, Brunch, Lunch, After-hours"
Noah Art Cafe,4.0 ,"25 Jalan Hang Lekiu, Melaka 75200 Malaysia",,$$ - $$$,$$ - $$$ItalianSouthwesternCafe,+60 6-288 2820,"Italian, Southwestern, Asian, Malaysian, Cafe","Halal, Vegetarian Friendly, Vegan Options"
Kneading Peace,5.0 ,"37 Jalan Hang Lekiu, Melaka 75200 Malaysia",,$,$FrenchGermanSwiss,+60 17-223 5339,"Cafe, French, German, Swiss, European","Dinner, Drinks"
Sun May Hiong Satay House,3.5 ,"Jalan Kota Laksamana 1/1 Taman Kota Laksamana, Melaka 75200 Malaysia",,$$ - $$$,$$ - $$$ChineseAsianMalaysian,+60 6-281 7281,Lunch,"Takeout, Seating, Wheelchair Accessible"
Teo Chew Bak Kut Teh,4.0 ,"Jalan Melaka Raya 4 Taman Perindustrian Merdeka, Batu Berendam,, Melaka 75000 Malaysia",,$$ - $$$,$$ - $$$ChineseAsianSoups,+60 12-631 6300,"Lunch, Brunch, Breakfast","Takeout, Seating, Table Service"
Chop Tiang Bee Cafe and Restaurant,4.5 ,"no 16 Jalan Hang Kasturi, Melaka 75200 Malaysia",http://www.facebook.com/choptiangbee,$$ - $$$,$$ - $$$CafeAsianContemporary,+60 16-619 1818,"Asian, Malaysian, Cafe, Contemporary, Fusion","Lunch, Dinner, Brunch, Drinks"
Restoran Lee Swee Meng,4.5 ,"No.2 Ground Floor Jalan Melaka Raya 34, Melaka 75560 Malaysia",,$$ - $$$,$$ - $$$ChineseAsianMalaysian,+60 10-796 2628,"Lunch, Dinner","Takeout, Seating, Highchairs Available, Table Service"
Oriental Cottage Cafe,4.0 ,"96 Jalan Hang Jebat, Melaka Malaysia",http://www.facebook.com/1126orientalC,$$ - $$$,$$ - $$$BarCafeAsian,+60 6-292 9696,"Vegetarian Friendly, Vegan Options","Lunch, Dinner"
The Melting Pot,3.5 ,"No 64 Jalan Hang Jebat Jonker Street, Melaka 75200 Malaysia",http://www.facebook.com/TheMeltingPotMelaka,$$ - $$$,$$ - $$$Nonya/MalaysianMalaysianVegetarian Friendly,+60 6-288 2678,Vegetarian Friendly,"Lunch, Dinner"
Ola Lavanderia Café,4.5 ,"25 Jalan Tukang Besi, Melaka 75200 Malaysia",,$,$Cafe,+60 12-612 6665,"Breakfast, Lunch, Brunch","Free Wifi, Outdoor Seating, Seating, Wheelchair Accessible, Takeout"
Big Bowl Ice,4.0 ,"11 Jalan Kota Laksamana 1/2 Taman Kota Laksamana, Melaka 75200 Malaysia",,$,$DessertMalaysian,+60 6-281 7395,Malaysian,"Parking Available, Street Parking, Cash Only, Takeout, Reservations, Seating"
Bert's Garden Seafood,4.0 ,"Jalan Kampung Pinang Tanjung Kling, Melaka 76400 Malaysia",,$$ - $$$,$$ - $$$SeafoodInternationalBarbecue,+60 6-315 2213,"Dinner, After-hours","Takeout, Reservations, Outdoor Seating, Seating, Parking Available, Serves Alcohol, Table Service, Highchairs Available, Full Bar"
Pampas Sky Dining Steakhouse,4.0 ,"41st Floor, Tower 1, the Shore Tower 1, Level 41, Swiss Garden Residence, The Shore, Melaka 75100 Malaysia",,$$ - $$$,$$ - $$$SteakhouseBarGrill,+60 17-707 2731,"Steakhouse, Grill, Wine Bar, Bar","Dinner, After-hours, Drinks"
Zest Restaurant,4.5 ,"Jalan Bendahara Ramada Plaza Melaka, Melaka 75100 Malaysia",http://www.ramadaplazamelaka.com/dining/dining_ZestRestaurant.html,$$ - $$$,$$ - $$$MexicanSeafoodInternational,+60 6-284 8888,"Mexican, Seafood, International, Mediterranean, Asian",Vegetarian Friendly
Pin Pin Hiong,4.0 ,"T-786 Lorong Hang Jebat Near Cheng ho Museum, Melaka 75200 Malaysia",,$,$ChineseAsianMalaysian,,"Breakfast, Lunch","Takeout, Seating"
Bamboo Hut,4.0 ,"27 Jalan Kota Banda Hilir, Melaka 75000 Malaysia",,$$ - $$$,$$ - $$$BarAsianGrill,+60 6-282 9282,"Bar, Asian, Grill, Malaysian","Vegetarian Friendly, Vegan Options"
Restoran De Lisbon,4.0 ,"Jalan Dalbuquerque Portuguese Square, Melaka 75050 Malaysia",,$$ - $$$,$$ - $$$SeafoodPortuguese,+60 12-319 6286,Dinner,"Takeout, Highchairs Available, Serves Alcohol, Table Service, Reservations, Seating"
Restoran De Lisbon,4.0 ,"Jalan Dalbuquerque Portuguese Square, Melaka 75050 Malaysia",,$$ - $$$,$$ - $$$SeafoodPortuguese,,Dinner,"Takeout, Highchairs Available, Serves Alcohol, Table Service, Reservations, Seating"
Res Porridge House,4.0 ,"Jalan Merdeka, Melaka 75000 Malaysia",,$$ - $$$,$$ - $$$ChineseAsian,+60 12-683 2855,"Dinner, Lunch","Takeout, Seating, Table Service"
Ikan Bakar Parameswara Restaurant- Umbai Melaka,3.5 ,"Jalan Paya Ikan, Melaka 75150 Malaysia",http://www.facebook.com/pages/Ikan-Bakar-Parameswara/1143283822471797,$$ - $$$,$$ - $$$SeafoodAsianMalaysian,+60 6-261 6106,Halal,Dinner
Viviv Heeren Cafe,5.0 ,"150, Jalan Tun Tan Cheng Lock, Melaka 75200 Malaysia",https://www.vivivheeren.com/,$,$CafeInternationalAsian,+60 14-986 1934,"Asian, Cafe, International","Lunch, Dinner, Brunch, Breakfast, Drinks"
Seri Nyonya Restaurant,4.0 ,"Jalan Parameswara Banda Hilir, Melaka 75000 Malaysia",http://www.equatorial.com/mel,$$ - $$$,$$ - $$$AsianNonya/MalaysianMalaysian,+60 6-282 8333,"Asian, Malaysian","Vegetarian Friendly, Halal"
Miyakori Jonker,5.0 ,"100 Jalan Tokong, Melaka 75200 Malaysia",http://www.miyakori.com/,$,$CafeFusion,+60 16-251 1883,"Cafe, Fusion","After-hours, Drinks, Breakfast, Brunch"
SamFu Nyonya Restaurant,4.0 ,"108 Jalan Bunga Raya, Melaka 75100 Malaysia",,$$ - $$$,$$ - $$$AsianNonya/MalaysianMalaysian,+60 12-240 0344,,
Dragon-i,4.0 ,"Jalan Merdeka G-066 & 67, Dataran Pahlawan Melaka Megamall, Melaka Malaysia",http://www.dragon-i.com.my/index.asp,$$ - $$$,$$ - $$$ChineseAsianCentral Asian,+60 6-286 1988,Vegetarian Friendly,"Lunch, Dinner, Brunch"
Bunga Raya Popiah,4.5 ,"78 Jalan Bunga Raya, Melaka Malaysia",,$,$,,,
Palsaik Korean BBQ - Melaka Raya,4.5 ,"No 58 & 60 Jalan Melaka Raya 23, Melaka 75000 Malaysia",http://www.palsaik.my/,$$ - $$$,$$ - $$$BarbecueAsianKorean,+60 6-281 8623,"Barbecue, Korean, Asian","Dinner, Lunch"
Aunty Fatso Restaurant (肥嫂),4.0 ,"Jalan Melaka Raya Taman Kota Laksamana Jaya, Melaka 75000 Malaysia",http://www.facebook.com/AuntyFatso,$$ - $$$,$$ - $$$ChineseSeafoodAsian,+60 12-611 6996,Dinner,"Takeout, Reservations, Outdoor Seating, Seating, Parking Available, Highchairs Available, Wheelchair Accessible, Serves Alcohol, Table Service"
McQuek's Satay Celup,4.0 ,"231 Jalan Parameswara Banda Hilir, Melaka 75000 Malaysia",,$,$ChineseAsianMalaysian,+60 12-606 2993,Dinner,"Outdoor Seating, Seating, Parking Available"
Nadeje Mille crepe cake,4.0 ,"G-23B,EG 4&EG5, Ground floor Mahkotar Parade, 75000 Melaka, Melaka Malaysia",http://nadeje.com.my/,$$ - $$$,$$ - $$$DessertCafe,+60 6-284 3469,"Table Service, Takeout, Seating, Wheelchair Accessible",
Saigon Ivy Cafe,4.5 ,"15, Jalan KL 3/15, Taman Kota Laksamana Seksyen 3 Taman Kota Laksamana Seksyen 3, Melaka 75200 Malaysia",https://www.facebook.com/SaigonIvyCafe/menu,$$ - $$$,$$ - $$$AsianVietnameseSoups,+60 11-3127 8989,"Asian, Vietnamese, Soups","Lunch, Brunch, Breakfast, Dinner"
Makan Kitchen,4.0 ,"Jalan Melaka Raya 23 Hatten City, Melaka 75000 Malaysia",http://doubletree3.hilton.com/en/hotels/malaysia/doubletree-by-hilton-hotel-melaka-MKZMMDI/dining/index.html,$$ - $$$,$$ - $$$AsianMalaysianVegetarian Friendly,+60 6-222 3333,"Asian, Malaysian","Vegan Options, Vegetarian Friendly, Halal"
Chung Wah Chicken Rice Ball,3.5 ,"Jonker Street, Melaka Malaysia",,$,$ChineseAsianMalaysian,+60 6-286 0121,Lunch,"Seating, Takeout"
Mei Sin Cafe,4.0 ,"Jalan Bunga Raya Pantai, Melaka 75100 Malaysia",,$,$AsianMalaysian,,"Asian, Malaysian","Breakfast, Lunch"
Hakka Zhan Restaurant,4.0 ,"No. 76 Jalan Laksamana 5, Melaka 75200 Malaysia",http://www.facebook.com/pages/Hakka-Zhan-Restaurant/119142794846317,$$ - $$$,$$ - $$$ChineseAsian,+60 17-225 8373,"Lunch, Dinner","Takeout, Reservations, Seating, Highchairs Available, Table Service"
Bistro Year 1673,3.5 ,"18 Jonker Street, Melaka 75200 Malaysia",,$$ - $$$,$$ - $$$EuropeanAsianNonya/Malaysian,606-2881673,Vegetarian Friendly,"Lunch, Dinner, After-hours, Drinks"
Asam Pedas Junior,4.0 ,"3 No. G2, Jalan PM Mahkota Square, Bandar Hilir, Melaka 75000 Malaysia",https://www.facebook.com/pages/Restoran-Asam-Pedas-Selera-Kampung/130257893707009,$$ - $$$,$$ - $$$MalaysianHalal,+60 19-259 1899,Halal,"Lunch, Dinner"
Eleven Bistro & Restaurant,3.5 ,"11 Jalan Hang Lekir, Melaka 75200 Malaysia",,$$ - $$$,$$ - $$$PortugueseMalaysian,+60 6-282 0011,"Portuguese, Malaysian","Lunch, Dinner, After-hours, Drinks"
GravyBaby Melaka,4.0 ,"2 Lorong Hang Jebat, Melaka 75200 Malaysia",http://www.gravybaby.com/,$$ - $$$,$$ - $$$Brew PubBarBritish,+60 18-362 7319,"Brew Pub, Bar, British, Diner",Vegetarian Friendly
Botanist Veggie Cafe,4.5 ,"41 Jalan Melaka Raya 8, Melaka 75000 Malaysia",http://botanist.com.my/,$$ - $$$,$$ - $$$CafeAsianMalaysian,+60 6-292 2819,"Vegetarian Friendly, Vegan Options","Lunch, Dinner"
The Mansion Restaurant,4.0 ,"188, Jalan Bunga The Majestic Malacca, Melaka 75100 Malaysia",https://www.majesticmalacca.com/pages/dining.html,$$ - $$$,$$ - $$$AsianMalaysian,+60 6-289 8000,"Dinner, Breakfast, Lunch","Reservations, Seating, Parking Available, Serves Alcohol, Table Service"
Tangkak Beef Noodles,4.0 ,"8C Jalan Laksamana Cheng Ho, Melaka Malaysia",http://www.facebook.com/Chez-Dany-Caf%C3%A9-de-la-Gare-499574417163612/?ref=page_internal,$$ - $$$,$$ - $$$ChineseAsianMalaysian,+60 13-789 3768,Halal,"Lunch, Dinner, Brunch"
Heesan Kopi,3.5 ,"100 Jalan Hang Jebat, Melaka 75200 Malaysia",https://www.facebook.com/Heesan-Kopi-%E5%9B%8D%E5%8F%81%E9%9A%94%E5%A3%81-1890106951278396/?hc_ref=PAGES_TIMELINE&fref=nf,$$ - $$$,$$ - $$$CafeFusionVegetarian Friendly,+60 6-281 2165,"Cafe, Fusion","Vegetarian Friendly, Vegan Options"
Sri Kaveri Catering,4.5 ,"115 Lorong Hang Jebat, Melaka 75200 Malaysia",,$,$IndianAsianVegetarian Friendly,+60 6-286 0344,"Vegetarian Friendly, Vegan Options","Lunch, Dinner, Breakfast"
Medan Ikan Bakar Muara Sungai Duyung,3.5 ,"Jalan Padang Temu Jalan Padang Temu, Melaka, Central Melaka District, Melaka State, Melaka 75050 Malaysia",http://www.facebook.com/Medan-Ikan-Bakar-Muara-Sungai-Duyung-272055789562822/timeline/,$$ - $$$,$$ - $$$SeafoodAsianMalaysian,+60 12-636 2339,Halal,"Dinner, After-hours"
Hock Kee Confectionery,4.5 ,"270 Jalan Melaka Raya 3, Melaka 75000 Malaysia",http://www.facebook.com/Hangout-Station-HOCK-KEE-Confectionery-1633709956840647/,$,$BakeriesChinese,+60 12-319 2463,"Breakfast, Lunch, Dinner",
Tosca,4.5 ,"Jalan Melaka Raya 23 DoubleTree by Hilton Hotel, Melaka 75000 Malaysia",http://doubletree3.hilton.com/en/hotels/malaysia/doubletree-by-hilton-hotel-melaka-MKZMMDI/dining/index.html,$$ - $$$,$$ - $$$ItalianPizzaVegetarian Friendly,+60 6-222 3333,"Italian, Pizza","Vegetarian Friendly, Vegan Options"
Restoran Baba Ang,4.0 ,"310, Jalan Parameswara, Melaka 75000 Malaysia",http://www.facebook.com/restoranbabaang/,$$ - $$$,$$ - $$$AsianMalaysian,+60 12-283 7571,"Lunch, Dinner, Breakfast","Seating, Table Service, Takeout, Reservations"
J&J Corner Portuguese Seafood,4.0 ,"Shop No 10, Medan Selera Perkampungan Portugis, Melaka 75050 Malaysia",https://www.facebook.com/jjcorner10/?hc_ref=PAGES_TIMELINE&fref=nf,$$ - $$$,$$ - $$$SeafoodAsianPortuguese,+60 12-608 1724,Dinner,"Takeout, Reservations, Seating"
Baba Kaya,5.0 ,"13A Jalan Bunga Raya, Melaka 75100 Malaysia",,$,$AsianMalaysian,-4618,"Breakfast, Lunch",Reservations
Lutan 21,4.5 ,"31 Jalan Melaka Raya 8 Taman Melaka Raya, Melaka 75000 Malaysia",http://www.lutan21.com/,$$ - $$$,$$ - $$$ChineseAsianMalaysian,+60 12-357 8783,"Asian, Chinese, Malaysian","Gluten Free Options, Vegetarian Friendly, Vegan Options"
Wildseed Café at 1-Altitude Melaka,5.0 ,"Level 43, 1-Altitude Melaka, Jalan Melaka Raya 23 Taman Melaka Raya, Melaka 75000 Malaysia",https://www.wildseed.my/,$$$$,$$$$Cafe,+60 19-479 5230,"Breakfast, Lunch, Brunch","Reservations, Accepts Mastercard, Accepts Visa, Digital Payments, Accepts Credit Cards"
Huang Chang Chicken Rice Ball,3.5 ,"Jalan Melaka Baru, Melaka 75350 Malaysia",,$,$Quick BitesChineseAsian,+60 6-317 0299,"Chinese, Malaysian, Asian","Breakfast, Lunch, Brunch"
Pak Man Asam Pedas,4.5 ,"51, Jalan KNMP 2A, Kampung Bukit Katil 75450 Malaysia",,Asian,AsianMalaysianVegan OptionsHalal,+60 12-346 2924,"Vegan Options, Halal","Dinner, Lunch"
Dragon-i,4.0 ,"Jalan Merdeka G-066 & 67, Dataran Pahlawan Melaka Megamall, Melaka Malaysia",,$$ - $$$,$$ - $$$ChineseAsianCentral Asian,+60 6-286 1988,Vegetarian Friendly,"Lunch, Dinner, Brunch"
Gravy Baby,4.0 ,"2 Lorong Hang Jebat, Melaka 75200 Malaysia",,$$ - $$$,$$ - $$$PizzaInternationalPub,,Dinner,"Seating, Accepts Credit Cards, Reservations, Table Service"
Mama Taste,4.0 ,"No. 12 Jalan Hang Kasturi, Melaka 75200 Malaysia",,$$ - $$$,$$ - $$$AsianMalaysianVegetarian Friendly,+60 16-250 1521,Vegetarian Friendly,"Lunch, Dinner"
Aunty Koh,4.5 ,"Bukit Rambai, Melaka Malaysia",,$,$DessertAsianMalaysian,,Vegetarian Friendly,"Takeout, Seating, Wheelchair Accessible"
Christina Ee Pineapple Tarts & Cendol,4.5 ,"29, Jalan Hang Lekir, Melaka 75200 Malaysia",,$,$,+60 6-281 2023,,
Restoran Nyonya Suan,3.5 ,"Plaza Merdeka 1336D Jalan Merdeka 1336d, Melaka 75000 Malaysia",http://www.nyonyasuan.com/,$$ - $$$,$$ - $$$AsianNonya/MalaysianMalaysian,+60 11-1300 2988,"Halal, Vegetarian Friendly","Lunch, Dinner, Brunch"
Rumah Makan Cibiuk MITC,4.5 ,"No 8 & 10 Lingkaran MITC, Kompleks Perniagaan MITC Perdana, Melaka 75450 Malaysia",https://www.facebook.com/cibiukmitc/,$$ - $$$,$$ - $$$AsianIndonesianHalal,+60 6-233 8645,"Asian, Indonesian",Halal
Fugo Ryori,4.0 ,"No 2 2a, 2b & 4, Jalan Melaka Raya 13, Melaka 75000 Malaysia",http://www.facebook.com/fugoryori,$$ - $$$,$$ - $$$JapaneseSushiAsian,+60 6-292 6222,Vegetarian Friendly,"Lunch, Dinner, Brunch"
My Chicken Rice,4.0 ,"45 Jalan Hang Jebat, Melaka 75200 Malaysia",,$,$ChineseAsianMalaysian,+60 19-311 8277,"Lunch, Dinner","Takeout, Seating"
Asam Pedas Kota Laksamana,3.5 ,"Kota Laksamana, Melaka 75000 Malaysia",http://www.facebook.com/Kota-Laksamana-Asam-Pedas-Claypot-Melaka-285043058131,$,$AsianMalaysianHalal,+60 12-680 0790,Halal,"Dinner, After-hours"
Dim Sum Garden Restaurant,4.0 ,"No 3 Jalan Tamby Abdullah, Melaka 75000 Malaysia",https://www.facebook.com/dimsumgarden/timeline,$$ - $$$,$$ - $$$ChineseAsianCantonese,-2816198,"Lunch, Breakfast, Dinner, Brunch","Takeout, Seating, Wheelchair Accessible, Table Service"
Voyage Together Café,4.5 ,"72 Lorong Hang Jebat, Melaka 75200 Malaysia",,$,$PizzaCafeVegetarian Friendly,+60 6-281 7823,"Pizza, Cafe",Vegetarian Friendly
East & West Rendezvous Cafe,3.5 ,"60 Lorong Hang Jebat, Melaka 75200 Malaysia",http://www.facebook.com/pages/60%20East%20&%20West%20Rendezvous/183352231737135/,$,$DessertAsianMalaysian,+60 16-634 6283,"Takeout, Seating",
Root Patisserie Cafe,4.5 ,"No 103, Kampung Hulu, Melaka 75200 Malaysia",,Bakeries,BakeriesCafeEuropeanVegetarian Friendly,+60 11-1198 2863,Vegetarian Friendly,Breakfast
Durian Dreamland,4.5 ,"125 Jalan Hang Jebat Jonker Walk, Melaka 75200 Malaysia",,$,$BarCafeAsian,+60 16-666 8368,Seating,
Mamee Cafe,4.0 ,"46 Jalan Hang Jebat, Melaka 75200 Malaysia",http://www.mameejonkerhouse.com/,$$ - $$$,$$ - $$$CafeAsianMalaysian,+60 6-286 7666,Halal,"Brunch, Lunch, Dinner"
The River Grill,3.5 ,"88 Jalan Kota Laksamana Casa del Rio Melaka Hotel, Melaka 75200 Malaysia",http://casadelrio-melaka.com/,$$ - $$$,$$ - $$$InternationalAsianMalaysian,+60 6-289 6888,"Dinner, Breakfast, Lunch","Reservations, Seating, Parking Available, Highchairs Available, Serves Alcohol, Outdoor Seating, Table Service"
The Base BBQ,5.0 ,"1, Lorong 1, Bandar Hilir, Melaka 75000 Malaysia",http://www.facebook.com/thebase.bbq,$$ - $$$,$$ - $$$ItalianBarbecueGrill,60628601112,"Barbecue, Italian, Grill","Dinner, Lunch"
Loukot Kafe,5.0 ,"No 13 Jalan Tukang Emas, Melaka 75200 Malaysia",,Asian,Asian,+60 12-680 0065,"Lunch, Dinner",Reservations
Kuchabe,4.5 ,"18 Jalan Kota Laksamana 3/14 Taman Kota Laksamana Seksyen 3, Melaka 75200 Malaysia",http://www.facebook.com/kuchabe,$,$ChineseAsianMalaysian,+60 17-602 7002,"Chinese, Asian, Malaysian","Lunch, Dinner, Breakfast, Brunch"
Nyonya Delight - Homestyle Nyonya Food,4.5 ,"2199-C Batang Tiga Barat, Melaka 76400 Malaysia",http://www.facebook.com/nyonyadelight,$,$AsianMalaysianVegetarian Friendly,+60 16-365 9775,Vegetarian Friendly,"Brunch, Breakfast, Lunch"
Southern Court Restaurant,5.0 ,"Bayview Hotel Melaka, Jalan Bendahara, 75100 Melaka, Melaka 75100 Malaysia",,$$ - $$$,$$ - $$$Chinese,+60 6-283 9888,Chinese,"Lunch, Dinner"
Unicorn Cafe,4.0 ,"43 Jalan Melaka Raya 11 Taman Melaka Raya, Melaka 75000 Malaysia",,$,$AsianNonya/MalaysianMalaysian,+60 16-342 5365,"Asian, Malaysian","Lunch, Brunch"
Gastro Coffee Bar GCB,5.0 ,"23 Jalan Kampung Kuli Bandar Hilir, Melaka 75200 Malaysia",,$,$CafeAsianHealthy,+60 11-1006 7496,"Healthy, Street Food, Cafe, Asian",Vegetarian Friendly
Coconut Shake Batu Berendam,4.0 ,"No.5, Tingkat Bawah, Jalan Kanan 1 Taman Ria, Melaka 75350 Malaysia",,$,$AsianStreet FoodMalaysian,+60 19-684 1270,Halal,"Lunch, Dinner"
Restaurant Zhong Tai,3.5 ,"267 Jalan Melaka Raya 3 Bandar Hilir, Melaka 75000 Malaysia",http://facebook.com/zhongtaimelakaraya,$$ - $$$,$$ - $$$ChineseSeafoodGrill,+60 6-283 3822,"Chinese, Seafood, Grill","Brunch, Dinner, After-hours, Drinks, Lunch"
The Cookie Bar,4.5 ,"55 Jonker Street, Jalan Hang Jebat, Melaka 75200 Malaysia",,$$$$,$$$$DessertFusionStreet Food,+60 13-512 6896,"Fusion, Street Food","Breakfast, Lunch, Dinner"
RainForest Coffee Bean,4.0 ,"36&38 Jalan Hang Jebat, Melaka 75200 Malaysia",,$,$Cafe,+60 6-284 0128,"Breakfast, Lunch, Dinner","Takeout, Seating"
D'Paris Cafe Melaka,5.0 ,"112 Lorong Hang Jebat, Melaka 75200 Malaysia",https://www.facebook.com/pg/DParis-cafe-Melaka-582187445640396/reviews/?ref=page_internal,$,$ChineseBarCafe,+60 11-5624 1345,"Chinese, Bar, Cafe, Asian, Thai, Pub","Reservations, Outdoor Seating, Seating, Parking Available, Serves Alcohol, Wine and Beer, Free Wifi, Table Service, Waterfront, Family style"
Simply fish,4.0 ,"205&206 Jalan Melaka Raya 1 Taman Melaka Raya, Melaka 75000 Malaysia",http://www.simplyfish.com.my/,$$ - $$$,$$ - $$$Seafood,,"Dinner, Lunch","Takeout, Seating, Reservations, Highchairs Available, Table Service"
Alto Skye Lounge,3.5 ,"Hatten Hotel Taman Melaka 22nd Floor Hatten Square, Melaka 75750 Malaysia",,$$ - $$$,$$ - $$$BarPubFusion,,"Outdoor Seating, Seating, Parking Available, Wheelchair Accessible, Reservations, Serves Alcohol, Live Music",
Mamee Jonker House,3.5 ,"No 46 & 48 Jalan Hang Jebat (Jonker Street), Melaka 75300 Malaysia",http://www.mameejonkerhouse.com/,$,$AsianMalaysianHalal,+60 6-286 7666,Halal,"Lunch, Dinner"
Newton Food Court,3.5 ,"Jalan Parameswara Bandar Hilir, Melaka Malaysia",,$,$AsianMalaysian,,Dinner,"Takeout, Parking Available, Wheelchair Accessible, Seating"
Soupy Licous,4.5 ,"127 Jalan Merdeka, Melaka 75000 Malaysia",https://www.facebook.com/SoupyLiciousRestaurant,$$ - $$$,$$ - $$$ChineseAsianSoups,+60 6-284 8688,"Lunch, Dinner, After-hours, Drinks","Takeout, Reservations, Table Service, Seating"
IT'S Tea & Coffee - Jonker Street,5.0 ,"1 Jalan Tun Tan Cheng Lock, Melaka 75200 Malaysia",https://www.facebook.com/ITS-Tea-Coffee-Jonker-Street-111285663630297/,$,$AmericanCafeAsian,+60 16-612 1330,"American, Cafe, Asian","Breakfast, Lunch, Brunch"
Kedai Minuman Siang Chiang,4.0 ,"59 Jalan Munshi Abdullah, Melaka Malaysia",,$,$AsianMalaysian,606-282 2101,"Breakfast, Lunch","Takeout, Table Service"
Ichi Zen Japanese Restaurant,4.0 ,"Taman Kota Syahbandar, Melaka 75200 Malaysia",http://www.edoichigroup.com/,$$ - $$$,$$ - $$$JapaneseSushiAsian,+60 6-288 0061,Vegetarian Friendly,"Dinner, Lunch"
Vege Good Vegetarian Restaurant,5.0 ,"No. 86 A-1 Jalan, Melaka 75000 Malaysia",http://business.facebook.com/VegeGoodRestaurant/,$,$ChineseAsianVegetarian Friendly,+60 12-383 3809,"Asian, Chinese",Vegetarian Friendly
Lin Neo Delight,4.5 ,"No 40, Jalan KLJ 4, Taman Kota Laksamana Jaya, Melaka 75200 Malaysia",,$$ - $$$,$$ - $$$AsianMalaysian,+60 13-280 1058,"Dinner, Lunch","Table Service, Reservations, Seating"
Lao Qian Ice Cafe,4.0 ,"33 Lorong Hang Jebat, Melaka 75200 Malaysia",,$,$ChineseCafeMalaysian,60 6-282 8381,Takeout,
Man Yuan Fang,4.0 ,"No G35 & G37 Jalan PM 4, Plaza Mahkota, Bandar Hilir, 75000 Melaka, Melaka Malaysia",,$$ - $$$,$$ - $$$ChineseAsianMalaysian,+60 6-288 1110,"Vegetarian Friendly, Vegan Options","Lunch, Dinner"
"Flamez By Don, Cloud Kitchen",5.0 ,"Jalan Kpks 3 28, Melaka 75250 Malaysia",,$,$AmericanAsian,+60 12-371 1491,"American, Asian","Lunch, Dinner, Brunch, Drinks"
Akusukakopi Specialty Coffee,5.0 ,"15, Jalan Tun Tan Cheng Lock Jonker Walk, Melaka 75200 Malaysia",,Cafe,Cafe,+60 11-6266 8118,"Lunch, Dinner",
Suukee Satay Melaka,4.0 ,"No. 36 Jalan KPKS1 Kompleks Perniagaan Kota Syahbandar, Melaka 75200 Malaysia",http://www.facebook.com/SuukeeSatay/,$$ - $$$,$$ - $$$ChineseAsianMalaysian,+60 12-659 7888,"Brunch, Lunch, Dinner","Takeout, Seating, Wheelchair Accessible, Table Service"
The Seafarer,3.5 ,"1516 Batang Tiga Kling 76400, Melaka Malaysia",http://www.seafarer.com.my/,$$ - $$$,$$ - $$$SeafoodAsianMalaysian,6063152693,Halal,"Dinner, Lunch"
The Old Mark Cafe,4.5 ,"No.39 , Jalan KSB 11 Taman Kota Syahbandar, Melaka 75200 Malaysia",https://www.facebook.com/TheOldMarkCafe/,$$ - $$$,$$ - $$$Quick BitesCafe,+60 17-899 1639,"Lunch, Brunch, Dinner, Drinks","Seating, Table Service, Takeout, Street Parking, Free Wifi"
TukTuk Kitchen & Bar,4.0 ,"88 Lorong Hang Jebat, Melaka 75200 Malaysia",,$$ - $$$,$$ - $$$AsianThaiFusion,+60 6-282 1685,"Dinner, Lunch","Reservations, Seating, Serves Alcohol"
21Street Cafe,5.0 ,"55 & 57 Jalan Melaka Raya 21, 75000 Malaysia",https://www.facebook.com/21streetcafe/,$,$ItalianChineseCafe,+60 18-212 1619,"Asian, Fusion, Italian, Chinese, Cafe, Malaysian","Lunch, Dinner, Brunch, Drinks"
Ram Cafe,5.0 ,"60 Lorong Hang Jebat, Melaka 75200 Malaysia",http://www.facebook.com/ramcafemalacca/,Indian,IndianInternationalAsianGrill,+60 11-6414 3499,"Lunch, Dinner, Drinks",Accepts Visa
Hainan Kitchen,4.5 ,"203-D Jalan Kenanga 3/29a Jalan Gajah Berang, Melaka 75200 Malaysia",https://www.facebook.com/hainanoldstreetcafe/,$$ - $$$,$$ - $$$Chinese,+60 16-329 9763,"Breakfast, Lunch, Brunch, Drinks","Seating, Delivery, Takeout, Reservations, Cash Only, Table Service"
Ming Sate Hut,4.5 ,"Jalan Pm 4 Plaza Mahkota, Melaka 75000 Malaysia",,Asian,AsianMalaysian,60 6-286 3614,"Dinner, Brunch",
Cendol Kampung Hulu,4.0 ,"32 Jalan Kampung Hulu No. 32, Melaka 75300 Malaysia",https://www.facebook.com/cendolkampunghulu/,$,$DessertAsianFusion,+60 17-363 6153,"Asian, Fusion, Malaysian","Takeout, Seating"
Sky Garden Restaurant,4.0 ,"Jalan Persisiran Bunga Raya Swiss Garden Hotel, Melaka Malaysia",http://www.swissgarden.com/hotels/sghrm/sghrm_restaurants.php,$$ - $$$,$$ - $$$AsianMalaysian,+60 12-205 9942,Dinner,"Reservations, Table Service, Seating"
Casa Cucina,4.0 ,"12 Jln KL3/7, Melaka 75000 Malaysia",,$$ - $$$,$$ - $$$ItalianPizzaEuropean,+60 6-281 8790,"Italian, Pizza, European","Dinner, Lunch"
Heng Hong Tin Kee Restaurant,4.0 ,"62, Jln Tengkera 75200, Melaka Malaysia",,$$ - $$$,$$ - $$$ChineseSoups,6062822172,"Lunch, Dinner","Wheelchair Accessible, Takeout, Reservations, Table Service"
Justberrys Dessert House,4.0 ,"No. 89 Jalan KL 3/8 Kota Laksamana Seksyen 3, Melaka 75200 Malaysia",,$$ - $$$,$$ - $$$DessertCafeAsian,6062820412,"Cafe, Asian, Malaysian, Hawaiian",Halal
River Cafe,3.5 ,"88 Jalan Kota Laksamana Casa del Rio Hotel, Melaka 75200 Malaysia",http://www.casadelrio-melaka.com/restaurant/river-cafe,$$ - $$$,$$ - $$$BarCafeAsian,+60 6-289 6888,"Bar, Cafe, Asian, Pub, Malaysian",Vegetarian Friendly
"Sha's Briyani House, Melaka",5.0 ,"108 Lorong Hang Jebat 108, Lorong Hang Jebat, Bandar Hilir, 75200 Melaka, Malaysia, Melaka 75200 Malaysia",https://m.facebook.com/100083046325452/,$$ - $$$,$$ - $$$Indian,+60 10-366 9654,Lunch,
Lucky Palace Restaurant (Melaka) Sdn. Bhd.,4.5 ,"No.1, Jln Sri Rama Taman Muzaffar Shah, Ayer Keroh 75450 Malaysia",http://www.luckypalacemelaka.com/index.html,$$ - $$$,$$ - $$$ChineseSeafoodAsian,+60 6-253 0000,"Chinese, Asian, Seafood","Dinner, Lunch, Brunch"
Jonker Food Festival,4.5 ,"124, Jalan Hang Jebat, Melaka Malaysia",http://www.facebook.com/jonkerfoodfestival/,$,$,+60 11-2724 7782,,
Malaccafe,4.5 ,"2, Jalan Laksamana Bandar Hilir, Melaka 75100 Malaysia",,$$ - $$$,$$ - $$$Cafe,+60 16-202 0868,"Lunch, Dinner, After-hours","Seating, Reservations, Outdoor Seating, Table Service"
De Reggae  Cafe,5.0 ,"38 Jalan Laksamana, Melaka 75000 Malaysia",,Caribbean,CaribbeanFast foodAsianGrill,+60 12-635 5080,"Lunch, Dinner",
Kopitiam Tanka,4.5 ,"5 Jalan Laksamana 1 near Casa del Rio hotel, Melaka 75200 Malaysia",,Chinese,Chinese,+60 16-714 1398,Table Service,
Sambal & Style,4.5 ,"170, Jalan Bunga Raya Pantai, Melaka 75100 Malaysia",,$$ - $$$,$$ - $$$ItalianAsianMalaysian,+60 6-281 2006,"Lunch, Breakfast, Dinner, Brunch",
Kocik Heritage,4.5 ,"100 Jalan Tun Tan Cheng Lock, Melaka 75200 Malaysia",,$$ - $$$,$$ - $$$,+60 11-1171 4931,,
Inside Scoop,4.0 ,"28 Jalan Hang Kasturi Off Jonker Street, Melaka 75200 Malaysia",,$$ - $$$,$$ - $$$Dessert,+60 6-286 0128,,
Restoran Sri Mawar Ria,4.0 ,"Terminal Melaka Sentral, Jalan Tun Abdul Razak, Peringgit, Melaka 75300 Malaysia",,$,$MalaysianVegetarian FriendlyVegan Options,+60 17-690 1450,Malaysian,"Vegetarian Friendly, Vegan Options"
Toasthouzz,4.0 ,"513 Jalan Melaka Raya 12, Melaka 75000 Malaysia",http://www.facebook.com/Toasthouzz,$$ - $$$,$$ - $$$Cafe,+60 6-281 3898,"Breakfast, Lunch, Brunch","Seating, Wheelchair Accessible, Table Service"
Nasi Lemak Ujong Pasir,4.5 ,"Restoran Ming Huat Jalan Ujong Pasir, Melaka 75050 Malaysia",,$,$AsianMalaysian,6062810246,,
Vintry Melaka,5.0 ,"No. 56 Jalan Tokong, Melaka 75200 Malaysia",https://www.facebook.com/vintrymelaka/,Wine Bar,Wine Bar,+60 6-284 8262,Reservations,
Tengkera Duck Noodle Restaurant,4.0 ,"No. 33 Jalan Kota Laksamana 1/2 Taman Kota Laksamana, Melaka 75200 Malaysia",,$,$ChineseAsianMalaysian,,"Lunch, Breakfast","Takeout, Seating"
BESS Kopitiam,3.5 ,"378 C ,Taman Sin Hoe,Bukit Baru., Melaka 75150 Malaysia",,$,$AsianNonya/MalaysianMalaysian,+60 17-610 8055,"Breakfast, Lunch","Takeout, Seating, Table Service"
Restoran New Lagoon,4.0 ,"No 2 Jalan Kpks 3 Kompleks Perniagaan Kota Syahbandar 75200 Melaka, Melaka 75200 Malaysia",,$$ - $$$,$$ - $$$ChineseAsianMalaysian,+60 6-288 0889,"Dinner, Lunch","Reservations, Seating, Takeout, Table Service"
Longkang Siham,4.0 ,"Jalan Bunga Raya, Melaka 72600 Malaysia",,$,$Seafood,+60 16-500 4490,Dinner,Seating
Restoran Lim Kee,4.5 ,"A Lot 180, Jalan Laksamana Cheng Ho, Melaka 75000 Malaysia",,$$ - $$$,$$ - $$$ChineseMalaysian,+60 16-644 5555,"Breakfast, Lunch, Brunch","Takeout, Seating, Wheelchair Accessible, Table Service"
London Bus Cafe,4.5 ,"Mahkota Parade 1, Jalan Merdeka, Taman Melaka Raya, 75000 Malacca Just over the road from Dataran Pahlawan and Next to Imperial Heritage Hotel Main Lobby.., Melaka 75000 Malaysia",,$$ - $$$,$$ - $$$ItalianPizzaCafe,6062899000,"Italian, Pizza, Cafe, Soups, Arabic","Breakfast, Lunch, Dinner, Brunch, Drinks"
Cendol Jam Besar,3.5 ,"8 Jalan Laksamana 1, Melaka 75200 Malaysia",http://www.facebook.com/people/Cendol-Jam-Besar/100070646073639,$,$DessertMalaysian,,"Takeout, Wheelchair Accessible",
Restaurant Atlantic 1 (Baba Nyonya Food),4.0 ,"78 Jalan Portugis, Melaka 75050 Malaysia",http://www.facebook.com/atlanticone,$$ - $$$,$$ - $$$AsianMalaysianVegetarian Friendly,+60 12-671 9993,Vegetarian Friendly,"Lunch, Dinner"
Hing loong,4.0 ,"11 J Jalan Bachang, Melaka 75350 Malaysia",,$,$ChineseAsianTaiwanese,+60 6-284 2529,"Lunch, Brunch","Takeout, Seating"
Lung Ann Refreshments,3.5 ,"No. 93/807 Lorong Hang Jebat, Melaka 75200 Malaysia",,$,$Malaysian,+60 12-258 2972,Breakfast,"Takeout, Seating"
Kedai Aku & Dia,4.5 ,"25 Jalan Hang Kasturi, Melaka 75200 Malaysia",,$,$Cafe,,,
Heritage Flavours,4.0 ,"No 63 Jalan Tun Tan Cheng Lock, Melaka 75200 Malaysia",,$,$ChineseCafeAsian,+60 17-399 3988,"Chinese, Cafe, Fusion, Asian, Malaysian","Breakfast, Lunch"
Olio Italian Restaurant,4.0 ,"Jalan Bendahara, Melaka 75100 Malaysia",http://www.ramadaplazamelaka.com/,$$ - $$$,$$ - $$$ItalianEuropean,+60 6-284 8888,Dinner,"Reservations, Seating, Serves Alcohol, Highchairs Available, Table Service"
"Portuguese Settlement, Museum & Seafood Court",3.5 ,"Perkampungan Portugis, Melaka Malaysia",,$$ - $$$,$$ - $$$SeafoodAsianPortuguese,1-Feb,"Dinner, After-hours","Outdoor Seating, Seating, Parking Available, Takeout, Table Service"
Michelle Soo Nyonya chang,4.5 ,"Jalan Batang Tiga Kampung Bukit Rambai, Melaka 75250 Malaysia",http://www.facebook.com/authenticnyonyachang/,Chinese,Chinese,+60 17-699 5750,,
Salt and Sugar Restaurant,4.5 ,"1 Jalan Merdeka, Melaka 75000 Malaysia",http://imperialheritage.com.my/dining/,Thai,Thai,+60 16-218 2380,"Lunch, Dinner",
Good New World,4.0 ,"131 Jalan Melaka Raya 10 Taman Melaka Raya,, Melaka 75000 Malaysia",,$$ - $$$,$$ - $$$ChineseAsianMalaysian,+60 6-284 2528,Vegetarian Friendly,"Lunch, Dinner"
Ho Cultural Space,4.5 ,"73-83b Jalan Bendahara, Melaka 75100 Malaysia",https://ho-cultural-space.business.site/,$$ - $$$,$$ - $$$Cafe,+60 16-640 3512,"Lunch, Dinner","Reservations, Street Parking, Free Wifi"
Ban Hong Xiang Tea House,4.5 ,"No D, Jalan Bachang, 75300, Melaka Malaysia",,Chinese,ChineseAsianCantonese,+60 6-281 4212,"Lunch, Breakfast","Seating, Wheelchair Accessible, Table Service"
Coffea Garden Cafe & Stay,4.0 ,"No. 108 Jalan Merdeka Taman Melaka Raya, Melaka 75000 Malaysia",http://www.metric-hospitality.com/,$$ - $$$,$$ - $$$CafeVegetarian Friendly,+60 6-229 4081,Cafe,Vegetarian Friendly
"Me'nate Steak Hub, Melaka",4.0 ,"185, 186, 187, Jalan Merdeka, Melaka 75000 Malaysia",,$$ - $$$,$$ - $$$ItalianAmericanSteakhouse,+60 3-4131 1611,"Lunch, Dinner, Brunch","Delivery, Takeout, Reservations, Private Dining, Seating, Parking Available, Street Parking, Highchairs Available, Wheelchair Accessible, Accepts Mastercard, Accepts Visa, Digital Payments, Free Wifi, Accepts Credit Cards, Table Service, Family style, Non-smoking restaurants"
The Curly Tail,3.5 ,"53 Jalan Tokong, Melaka 75200 Malaysia",http://www.facebook.com/thecurlytailrestaurant/,$$ - $$$,$$ - $$$European,+60 12-636 3452,Dinner,"Reservations, Seating, Serves Alcohol, Table Service"
Wen's Kitchen,5.0 ,"169 Jalan Tengkera, Melaka 75200 Malaysia",https://wens-kitchen.business.site/,$,$AsianMalaysian,+60 10-359 6767,"Asian, Malaysian",Lunch
Ochado,4.0 ,"Jalan Hang Jebat, Melaka Malaysia",,$,$DessertCafe,,"Lunch, Dinner, Drinks",
GhaZal Cafe,4.5 ,"Jalan Kubu No 8, Melaka 75300 Malaysia",https://www.facebook.com/ghzlcafe/,$,$CafeAsianMalaysian,+60 16-601 2759,"Asian, Malaysian, Cafe","Lunch, Dinner, Brunch"
Min Chong Hygienic Ice Cafe,4.0 ,"43, Jalan Bunga Raya, Melaka Malaysia",http://www.facebook.com/MinChongMelaka,$,$DessertAsianMalaysian,+60 16-259 5800,"Lunch, Dinner, After-hours, Drinks",Seating
German Sausage House,4.5 ,"Cozy Hotel 175, Jalan Melaka Raya 14, Melaka 75000 Malaysia",,$$ - $$$,$$ - $$$AmericanGermanEuropean,+60 12-377 7661,Dinner,"Takeout, Reservations"
No. 1 Kopitiam,4.5 ,"1 Jalan Hang Jebat No.1,Jonker Street, Melaka 75200 Malaysia",http://www.facebook.com/no1Kopitiam,$,$DessertAsian,+60 12-798 1232,,
HomeTaste Melaka,4.5 ,"No 6, Jalan KLJ 1B,Taman Kota Laksamana Jaya, Melaka 75200 Malaysia",,$$ - $$$,$$ - $$$ChineseSeafoodAsian,+60 11-3331 1534,,
Mondrian Restaurant Cafe,4.0 ,"No.6 Jalan Tun Abdul Razak-Ayer Keroh Taman Delima Raya, Bukit Baru,, Melaka 75150 Malaysia",http://www.mondrian.my/,$$ - $$$,$$ - $$$AmericanCajun & CreolePizza,+60 6-251 9932,"American, Cajun & Creole, Pizza, Cafe, Asian",Reservations
Restoran Ikan Bakar Malim,4.0 ,"2&4 Jalan TU40 Taman Tasik Utama Air Keroh, Ayer Keroh 75450 Malaysia",,$$ - $$$,$$ - $$$AsianIndonesianMalaysian,+60 17-296 4283,Halal,"Lunch, Breakfast, Dinner, Brunch"
Big Ben's Restaurant Cafe & Cottage Industry,4.5 ,"MT 371, Jalan Taman Sinn, Taman Sinn Semabok, Melaka 75050 Malaysia",https://www.facebook.com/Big-Bens-Restaurant-Cafe-Cottage-Industry-338320962935948/,European,EuropeanPortuguese,+60 16-446 9077,Dinner,"Reservations, Seating"
R&R Bistro & Cafe,5.0 ,"Kompleks Perniagaan Kota Syahbandar 75200 No. 8 Lorong 1 Jalan SP 1/3, Melaka 75200 Malaysia",https://www.facebook.com/groups/2493263870889947,$$ - $$$,$$ - $$$SouthwesternPhilippineEuropean,+60 12-624 6588,"Southwestern, Philippine, European, Asian","Lunch, Dinner, Brunch, Drinks"
Chin Hua Vegetarian Food,4.5 ,"37 Jalan Kota Laksamana 1/2, Melaka 75200 Malaysia",,$,$ChineseAsian,+60 16-646 6366,"Breakfast, Lunch, Dinner","Seating, Wheelchair Accessible, Table Service"
Kiran's Delight Restaurant,4.5 ,"119 Jalan Munshi Abdullah (In Between Emperor Hotel & Accordian Hotel), Melaka 75100 Malaysia",,$,$,+60 6-281 4764,Seating,
Yong Peng Fish Balls,3.5 ,"555, Taman Melaka Raya, Bandar Hilir, Melaka Malaysia",,$,$ChineseSeafoodAsian,+60 13-726 0666,"Breakfast, Lunch, Dinner",Takeout
Face To Face Noodle House,4.0 ,"No. 26 Jalan Kota Laksamana 3 Seksyen 3, Taman Kota Laksamana,, Melaka 75200 Malaysia",http://facetoface.com.my/location.html,$$ - $$$,$$ - $$$AsianMalaysian,+60 12-295 6150,"Lunch, Dinner, Brunch",Seating
Restoran Hai Heng,4.0 ,"315 Jalan Gajah Berang, Melaka 75200 Malaysia",,$$ - $$$,$$ - $$$AsianMalaysian,+60 12-682 9355,Dinner,Table Service
FAj Cafe,4.5 ,"17, Jalan Gereja, Bandar Hilir, Melaka 75000 Malaysia",,Cafe,CafeAsianHealthyIndonesian,+60 11-2999 9359,"Breakfast, Lunch",
Mio AmoRe,4.0 ,"No. 650 Jalan Melaka Raya 8 Taman Melaka Raya, Melaka 75000 Malaysia",,$$ - $$$,$$ - $$$ItalianSouthwesternFusion,+60 16-684 6303,Dinner,"Reservations, Seating, Table Service"
Johnny's Restaurant,4.0 ,"Dataran Pahlawan Melaka Megamall Jalan Merdeka, Melaka Malaysia",,$$ - $$$,$$ - $$$AsianThai,+60 6-283 6328,"Dinner, Lunch","Takeout, Reservations, Seating, Table Service"
Restoran Ole Rasa,4.5 ,"3 Jalan Melaka Raya, Melaka 75200 Malaysia",http://olerasa.blogspot.com/,Asian,AsianMalaysianHalal,+60 10-538 5299,Halal,"Breakfast, Lunch, Dinner"
Boss Curry House,4.5 ,"12 Jalan Bendahara, Melaka 75100 Malaysia",,,,+60 6-288 9179,,
Nyonya Lins Kitchen By Baba Ricky,4.0 ,"No.53 Jalan KLJ 10 Kapitan Kongsi Hotel, Taman Kota Laksamana Jaya, Melaka 75200 Malaysia",https://www.facebook.com/Nyonya-Lins-Kitchen-by-Baba-Ricky-1464031750516682/,$$ - $$$,$$ - $$$AsianMalaysian,+60 12-671 9380,"Lunch, Dinner","Seating, Accepts Credit Cards, Table Service, Takeout, Reservations, Wheelchair Accessible"
Black Canyon Restaurant,4.0 ,"Bandar Hilir, Jalan Merdeka Dataran Pahlawan Melaka Megamall, Lot no A8-A9, Melaka 75000 Malaysia",http://blackcanyon.com.my/locate-us/,$$ - $$$,$$ - $$$AsianThaiVegetarian Friendly,+60 6-282 1470,Vegetarian Friendly,"Dinner, Brunch, Breakfast"
Serama Boutique Cafe,5.0 ,"15 Jalan Tukang Emas, Melaka 75200 Malaysia",,$$ - $$$,$$ - $$$AsianMalaysian,+60 16-926 9568,"Lunch, Dinner",
Mei Lin,5.0 ,"98 Jalan Melaka Raya 25, Melaka 75000 Malaysia",,$$ - $$$,$$ - $$$ChineseAsianIndonesian,6062827423,Vegetarian Friendly,
Green House Vegetarian Restaurant,4.5 ,"4 Jalan Kota Laksamana 1/1, Melaka 75200 Malaysia",http://www.facebook.com/greenhousemalacca,Chinese,ChineseAsianMalaysian,+60 11-1073 1188,Dinner,"Table Service, Seating"
Barakat Hahdramawt,5.0 ,"2 Jalan Legends 5, Taman Lagenda 1, Melaka 75400 Malaysia",https://www.facebook.com/%D9%85%D8%B7%D8%B9%D9%85-%D8%A8%D8%B1%D9%83%D8%A9-%D8%AD%D8%B6%D8%B1%D9%85%D9%88%D8%AA-barakat-hadramawt-468363183503913/,Grill,GrillMiddle EasternArabic,+60 6-288 8793,,
JOM Coffee Restaurant,4.0 ,"G-061A, G-061 & G-062A, Dutaran Pahlawan Melaka Megamall, Jalan Merdeka, Bandar Hilir 75000 Melaka, Melaka Malaysia",http://www.facebook.com/JomCoffeeMY,$$ - $$$,$$ - $$$CafeAsianMalaysian,2815915,"Lunch, Dinner",Table Service
Baba Freds Nyonya Resturant,3.5 ,"No. 15 Lorong Hang Jebat, Melaka 75200 Malaysia",,$$ - $$$,$$ - $$$AsianNonya/MalaysianMalaysian,+60 17-237 2828,"Lunch, Dinner","Takeout, Seating, Table Service"
Yung Lai Siang,4.0 ,"17 Jalan Tamby Abdullah, Melaka 75000 Malaysia",,$,$ChineseAsian,+60 17-653 3191,,
Our Place Cafe,4.5 ,"668A, Jln. 1/3 Tmn. Bukit Melaka, Melaka 75450 Malaysia",https://www.facebook.com/pages/Our-Place/583377028429674,$$ - $$$,$$ - $$$Nonya/Malaysian,+60 6-231 5215,"Reservations, Private Dining, Digital Payments, Cash Only, Family style",
Senju Tei Japanese,4.0 ,"NO 4 4a, Jalan Melaka Raya 8, Melaka 75000 Malaysia",http://www.facebook.com/SenjuTeiJapaneseRestaurant,$$ - $$$,$$ - $$$JapaneseSushiAsian,+60 6-283 7686,"Lunch, Dinner","Reservations, Table Service, Seating"
Kuih Keria Antarabangsa,4.0 ,"3123C Jalan Limbongan Kampung Limbongan, Melaka 75250 Malaysia",,$,$AsianStreet FoodMalaysian,+60 12-691 4026,,
Peranakan House,3.5 ,"107, Jalan Tun Tan Cheng Lock, Melaka Malaysia",,$$ - $$$,$$ - $$$AsianNonya/MalaysianMalaysian,+60 6-284 5001,"Lunch, Dinner","Reservations, Seating, Table Service"
The Peninsular Tailor Cafe,4.5 ,"213 Jalan Melaka Raya 1 Taman  Melaka Raya, Melaka 75000 Malaysia",http://www.facebook.com/ThePeninsulartailorcafe/,$$ - $$$,$$ - $$$AsianAustralianMalaysian,+60 6-281 0333,"Asian, Australian, Malaysian","Breakfast, Lunch, Dinner, Drinks"
Roti Canai Kayu Arang,3.5 ,"Jalan Bachang, Melaka 75250 Malaysia",,$,$AsianMalaysianHalal,+60 16-661 2434,Halal,"Breakfast, Lunch, Brunch"
Restoran Kok Keong,4.0 ,"11 Jalan Kampung Pantai, Melaka 75200 Malaysia",,$,$ChineseAsianSoups,,Lunch,"Takeout, Table Service"
Preferr Boulangerie,4.5 ,"Lot G28 Mahkota Parade, Melaka 75000 Malaysia",,Bakeries,BakeriesCafe,+60 6-252 2672,,
Kafe Mary Take 1,5.0 ,"Jalan Rahmat Near Melaka Manipal Medical College, Melaka 75250 Malaysia",,$,$DinerVegetarian Friendly,6062815251,Vegetarian Friendly,Dinner
Jia Restaurant Chinese & Nyonya Cuisine,4.5 ,"28, Jalan Tun Perak, Melaka 75300 Malaysia",http://www.kingsgreenhotel.com.my/,$$ - $$$,$$ - $$$ChineseAsianMalaysian,6062881091,"Lunch, Dinner",Reservations
7 Green Cafe,5.0 ,"7 Jalan Hang Lekir, Melaka Malaysia",,Steakhouse,SteakhouseCafeAsianGrill,+60 6-283 6813,"Lunch, Dinner, Brunch","Reservations, Private Dining, Seating, Street Parking, Serves Alcohol, Accepts Mastercard, Accepts Visa, Free Wifi, Accepts Credit Cards, Non-smoking restaurants"
Handmade Bakery Cafe,4.0 ,"77 Jalan Kota Laksamana Taman Kota Laksamana Sekyen 3, Melaka 75200 Malaysia",,Bakeries,BakeriesCafe,+60 12-612 5289,,
Handmade Bakery Cafe,4.0 ,"77 Jalan Kota Laksamana Taman Kota Laksamana Sekyen 3, Melaka 75200 Malaysia",https://www.facebook.com/handmadebakeryhouse/,Bakeries,BakeriesCafe,+60 12-612 5289,,
Hainamko Chicken Rice,3.5 ,"90 Jalan Bendahara,, Melaka Malaysia",http://hainamkochickenrice.com.my/,$$ - $$$,$$ - $$$ChineseHalal,+60 6-286 0111,Halal,"Breakfast, Lunch, Dinner"
Kedai Kopi Kheng Juan Hin,4.5 ,"Jalan Limbongan, Melaka 75200 Malaysia",https://www.facebook.com/pages/Kedai-Kopi-Kheng-Juan-Hin/268107086586463,Chinese,ChineseAsian,+60 6-284 1958,,
Joan & Chico's Portuguese Food Restaurant,4.0 ,"No 2 Jalan Portugis Settlement, Melaka 75050 Malaysia",,$$ - $$$,$$ - $$$SeafoodEuropeanAsian,+60 12-289 2849,Dinner,Takeout
Andalus Kitchen,5.0 ,"Jalan Kampung Pantai, Dalam Lorong Jabatan, Melaka 75100 Malaysia",,Arabic,Arabic,+60 11-6206 6543,,
Waree Thai Kitchen,5.0 ,"7 Jalan Tukang Besi, Melaka 75200 Malaysia",,Thai,Thai,+60 11-3587 7118,,
Nebula Cafe,5.0 ,"68 Lorong Hang Jebat 62, Melaka 75200 Malaysia",,Italian,ItalianFrenchAmericanEuropean,+60 11-3923 7657,"Lunch, Dinner",
Restoran Lineclear Kg Jawa - Rojak & Satay Original,3.5 ,"Jalan Jawa, Melaka 75100 Malaysia",,$,$AsianMalaysianHalal,+60 12-971 9050,Halal,Lunch
Nyonya Licious Kitchen,5.0 ,"19 Jalan MP 5 Taman Merdeka Permai, Melaka 75350 Malaysia",,Asian,AsianMalaysian,+60 16-626 1616,,
Old Village Satay Celup Restaurant,4.5 ,"Jalan Ong Kim Wee, Melaka Malaysia",,$,$AsianMalaysian,,,
Grounded22_Cafe,5.0 ,"22A, Jalan KLJ 10, Melaka 75200 Malaysia",https://www.facebook.com/grounded22_cafe-114615819988366/,Cafe,CafeAsianKoreanFusion,+60 16-628 0091,,
Secret Recipe,3.5 ,"F28, 1st Floor, Mahkota Parade Jalan Merdeka, Melaka 75000 Malaysia",http://www.secretrecipe.com.my/,$$ - $$$,$$ - $$$CafeThaiHalal,606 281 3281,Halal,Lunch
Asam Pedas Lagenda,4.0 ,"No 24 Jalan Lagenda 3 near Aeon Mall, Melaka 75450 Malaysia",http://asampedaslagenda.wixsite.com/asampedaslagenda,$$ - $$$,$$ - $$$SeafoodAsianMalaysian,6062888844,"Asian, Malaysian, Seafood","Takeout, Reservations"
Boon Leong Food Corner,4.0 ,"Jalan Bunga Raya, Melaka 75100 Malaysia",,$$ - $$$,$$ - $$$Chinese,,,
Jiki Food Court,4.5 ,"4637-C Jalan Penghulu Abbas Bukit Baru, Melaka 75150 Malaysia",,$,$Chinese,+60 11-1621 3410,Dinner,
STED abc Cafe,4.0 ,"13 Jalan Hang Lekiu, Melaka 75200 Malaysia",http://www.facebook.com/stedabc,$,$CafeBritishFusion,+60 6-282 0773,"Cafe, British, Fusion","Breakfast, Lunch, Dinner"
Halia Inc Coffee Bar & Restaurant,3.5 ,"1 Jalan Merdeka, Melaka 75100 Malaysia",https://www.facebook.com/HaliaInc/page_map,$$ - $$$,$$ - $$$CafeAsianMalaysian,+60 19-770 7590,"Breakfast, Lunch, Dinner, Brunch","Seating, Highchairs Available, Reservations, Outdoor Seating"
Restaurant Man Yi,4.5 ,"No. 12 Jalan Merdeka Taman Melaka Raya, Melaka 75000 Malaysia",,Chinese,Chinese,+60 6-281 4067,"Lunch, Dinner",Reservations
Furui Michi Ramen,5.0 ,"Taman Melaka Raya, 75000 Malacca 527 Jalan Merdeka, Melaka 75000 Malaysia",,,,+60 6-288 3355,,
Lu Yeh Yen,3.5 ,"154A Jalan Bunga Raya, Melaka Malaysia",,$$ - $$$,$$ - $$$ChineseSeafoodAsian,+60 6-281 7282,Dinner,"Seating, Reservations, Wheelchair Accessible, Serves Alcohol, Table Service"
Ta Chi Nonya House,3.5 ,"1 Jalan Tun, Melaka 75300 Malaysia",,$$ - $$$,$$ - $$$AsianNonya/MalaysianMalaysian,,"Lunch, Dinner","Takeout, Seating, Table Service"
Nasi Lemak Klebang Squash,5.0 ,"17 Jalan MP 1 Batu Berendam, Melaka 75350 Malaysia",,$,$AsianMalaysian,+60 17-609 4729,"Asian, Malaysian","Breakfast, Lunch"
Restoran Porridge House,4.5 ,"Jalan Melaka Raya 2, Melaka 75000 Malaysia",,Asian,Asian,,,
486 Baba Low,3.5 ,"486 Jalan Tengkera, Melaka 75200 Malaysia",,$,$AsianNonya/MalaysianMalaysian,+60 6-283 1762,"Breakfast, Lunch, Brunch","Takeout, Wheelchair Accessible, Seating"
BEE BEE Pineapple Tart  House,3.5 ,"307 A Jalan Parameswara, Melaka Malaysia",,$$ - $$$,$$ - $$$AsianMalaysian,+60 6-286 9735,Takeout,
Restoran Lim Jit,4.5 ,"41 Lorong Hang Jebat, Melaka 75200 Malaysia",http://www.facebook.com/%E6%9E%97%E8%AE%B0%E9%B8%A1%E7%B2%92%E9%A5%AD-Restoran-LIM-JIT-288701615062766/,Asian,AsianMalaysian,+60 11-1068 8893,"Breakfast, Lunch, Dinner",
ibis Kitchen Restaurant,4.5 ,"249 Jalan Bendahara ibis Melaka, Melaka 75100 Malaysia",,$$ - $$$,$$ - $$$ChineseAsianMalaysian,+60 6-222 8888,"Chinese, Asian, Malaysian","Lunch, Dinner"
Teluk Belanga Cafe,4.5 ,"8 Jalan Kubu Off Jonker Walk, Melaka 75300 Malaysia",,$$ - $$$,$$ - $$$AsianMalaysian,+60 18-398 8391,"Breakfast, Lunch, Dinner",
Aida Rich Cafe,4.0 ,"54 Jalan TU42, Ayer Keroh 75450 Malaysia",http://www.facebook.com/AidaRichCafe,$$ - $$$,$$ - $$$CafeAsianMalaysian,+60 6-253 0772,Halal,"Dinner, Lunch"
Makan Nyonya,4.0 ,"Jalan Bandar Hilir, Melaka 75000 Malaysia",http://estadiahotel.com/dine,$$ - $$$,$$ - $$$,+60 6-227 9600,,
Kensington Restaurant,3.5 ,"41-43 Jalan Klebang, Melaka 75200 Malaysia",https://www.facebook.com/Kensington.Western.Fusion.Restaurant,$$ - $$$,$$ - $$$Southwestern,+60 6-281 3011,"Lunch, Dinner","Reservations, Seating, Takeout, Wheelchair Accessible, Table Service"
Cheng Ho Tea House & Vegetarian Restaurant 郑和素食茶馆,4.5 ,"17 Jalan Tukang Emas, Melaka 75200 Malaysia",http://www.facebook.com/chenghoteahouse/,$$ - $$$,$$ - $$$Healthy,+60 19-511 0749,Reservations,
V Love Hot Pot,5.0 ,"No. 1 Jalan Kota Laksamana 2/17, Taman Kota Laksamana Sek 2, Melaka 75200 Malaysia",,,,+60 16-377 9111,,
Nando's,4.0 ,"Lot C37 Ground Floor, Jusco Melaka Shopping Centre, Melaka 75450 Malaysia",,$$ - $$$,$$ - $$$,+60 6-232 6555,"Seating, Wheelchair Accessible",
Umbai Grilled Fish,3.5 ,"Umbai Jeti, Melaka Malaysia",,$$ - $$$,$$ - $$$SeafoodAsianMalaysian,,"Seafood, Asian, Malaysian",Halal
Heeren Tea Room,4.5 ,"1 Jalan Tun, Melaka 75300 Malaysia",,,,+60 16-644 6162,,
Cloud Gelato Cafe,5.0 ,"216 Jalan Melaka Raya 1, Melaka 75000 Malaysia",,$,$Dessert,+60 6-286 3033,,
Restoran Cili Garam,4.0 ,"G-12, Jalan PM14, Plaza Mahkota, Melaka 75000 Malaysia",,$$ - $$$,$$ - $$$AsianMalaysian,+60 6-292 5000,"Drinks, Lunch, Dinner, Brunch","Takeout, Reservations, Private Dining, Seating, Parking Available, Street Parking, Digital Payments, Free Wifi, Accepts Credit Cards, Table Service"
Restoran Baba Albert,5.0 ,"62 A Jalan Rahmat 1 Taman Malim Jaya, Melaka 75250 Malaysia",,$,$AsianMalaysian,+60 12-621 8997,"Asian, Malaysian",
1825 Gallery Hotel,4.0 ,"27,29&31, Jalan Bunga Raya, Melaka 75100 Malaysia",,International,InternationalAsianIndonesianMalaysian,+60 6-288 2868,,
Kapten Pisang,4.5 ,"Jalan Cempaka 1, Taman Seri Cempaka, Melaka 75400 Malaysia",http://www.facebook.com/pages/Kapten-Pisang/782325868523929,Asian,AsianMalaysian,+60 14-273 2823,,
River Quay Dining & Lounge,4.0 ,"Jalan Persisiran The Shore Shopping Gallery, Melaka 75100 Malaysia",,$$ - $$$,$$ - $$$PizzaFast foodInternational,+60 12-262 4069,"Fast food, International, Asian, Soups, Malaysian, Pizza",Reservations
Restoran Singapore Chicken Tandoori House,4.0 ,"6 No 130 - 130A Jalan Taman Kota Laksamana, Banda Hilir, Melaka 75200 Malaysia",,$,$IndianAsianMiddle Eastern,+60 17-350 5128,Halal,"Dinner, Lunch, After-hours"
Dima Restaurant,4.0 ,"MIBC Ayer Keroh, Melaka Malaysia",,$$ - $$$,$$ - $$$Middle EasternHalal,6062323515,Halal,"Dinner, Lunch"
2nd Floor Coffee House,4.0 ,"19-1, Jalan Tkl 2/17 Seksyen 2, Taman Kota Laksamana, Melaka 75200 Malaysia",,$$ - $$$,$$ - $$$Cafe,+60 12-392 3635,Cafe,Seating
Yes Thai Restaurant Sdn Bhd,3.5 ,"No. 7 Jalan Kota Laksamana 3, Melaka 75200 Malaysia",,$$ - $$$,$$ - $$$AsianThai,+60 6-274 2289,"Dinner, Lunch","Takeout, Reservations, Seating, Table Service"
