Name,Rating,Address,URL,Price,Type,Phone,Cousines,Meal
Straits & Co at The Danna,4.5 ,"Telaga Harbour Park The Danna Langkawi, Pantai Kok, Langkawi 07000 Malaysia",,$$ - $$$,$$ - $$$CafeDeliVegetarian Friendly,+60 4-959 3288,,
The Fat Frog,4.5 ,"99 East Estate Jalan 99 East Golf Club Estate, Kuah, Langkawi 07000 Malaysia",,$$ - $$$,$$ - $$$ItalianAsianHealthy,+60 17-333 1517,,
Cactus Restaurant,4.5 ,"Lecco Spa Lot 1698, Langkawi 07000 Malaysia",,$,$ChineseSeafoodAsian,+60 12-482 8140,,
The Pavilion,4.5 ,"Jalan Teluk Datai, Langkawi 07000 Malaysia",http://www.thedatai.com/dining/the-pavilion/,$$$$,$$$$AsianThaiVegetarian Friendly,+60 4-950 0500,,
Red Sky Restaurant and Bar,4.5 ,"No. 6 Casa Fina Avenue Jalan Teluk Baru, Pantai Tengah, Langkawi 07000 Malaysia",http://www.facebook.com/RedSkylgk/,$$ - $$$,$$ - $$$InternationalAsianMalaysian,+60 4-952 3641,,
Maroush,4.5 ,"1 Landcon, Langkawi 07000 Malaysia",http://www.dineatmaroush.com/,$$ - $$$,$$ - $$$IndianAsianMiddle Eastern,+60 12-487 8787,,
Planter's at The Danna,4.5 ,"Jalan Pantai Kok The Danna Langkawi, Pantai Kok, Langkawi 07000 Malaysia",http://www.thedanna.com/dining/planter-s,$$$$,$$$$InternationalAsianMalaysian,+60 4-959 3288,"Asian, Malaysian, International","Breakfast, Dinner"
Tide,4.5 ,"The Westin Langkawi Resort & Spa Jalan Dato Syed Omar, Langkawi 07000 Malaysia",http://www.tidelangkawi.com/,$$$$,$$$$Vegetarian FriendlyVegan OptionsHalal,6049608888,"Lunch, Dinner, Drinks",
Hadramawt Express Restaurant,4.5 ,"Pantai Cenang Melati Tanjung, Langkawi 07000 Malaysia",,$,$HealthyMiddle EasternArabic,+60 17-332 0450,"Healthy, Middle Eastern, Arabic","Lunch, Dinner, Breakfast, Brunch, After-hours, Drinks"
Pegaga Langkawi Vegan Experience,5.0 ,"Ambong-Ambong Rainforest Retreat Jalan Teluk Baru, Pantai Tengah, Langkawi 07000 Malaysia",http://www.ambong-ambong.com/#dining,$$ - $$$,$$ - $$$CafeAsianFusion,+60 4-955 8428,"Cafe, Fusion, Malaysian, Asian","Breakfast, Lunch, Dinner, Brunch, Drinks"
Scarborough Fish & Chips Tanjung Rhu,4.0 ,"Lot 1388, Jalan Tanjung Rhu Mukin Air Hangat, Langkawi, Ayer Hangat, Langkawi 07100 Malaysia",https://www.facebook.com/scarboroughlangkawi/,$$ - $$$,$$ - $$$BarAsianBritish,+60 4-959 4667,,
Pahn-Thai Restaurant,4.0 ,"Lebuhraya Langkawi Burau Bay, Langkawi 07000 Malaysia",http://www.berjayahotel.com/langkawi/dining.asp,$$ - $$$,$$ - $$$SeafoodAsianThai,+60 4-959 1888,,
Noodle Bar at The Danna,,"The Danna Langkawi, Pantai Kok, Pantai Kok, Langkawi 07000 Malaysia",https://www.thedanna.com/dining/noodle-bar,Asian,AsianMalaysian,+60 4-959 3288,,
Hidden Langkawi Restaurant,4.0 ,"2461, Jalan Pantai Tengah Padang Mat Sirat, Kampung Kedawang, Langkawi 07000 Malaysia",https://www.facebook.com/Hidden-Langkawi-224789634982110/,$,$BarEuropeanFusion,+60 12-557 0570,,
Nasi Dagang Pak Malau,4.5 ,"No. 186, Jalan Makam Mahsuri Hadapan Masjid Bukit Temin, Langkawi 07000 Malaysia",http://www.facebook.com/Nasi-Dagang-Pak-Malau-1467590216884209,$,$AsianMalaysianHalal,+60 12-271 1977,,
Jake's Charbroil Steaks Langkawi,4.5 ,"G-1.1, Fisherman's Wharf Langkawi, Royal Langkawi Yacht Club,, Jalan Dato' Syed Omar Jalan Dato' Syed Omar, Langkawi 07000 Malaysia",,$$ - $$$,$$ - $$$AmericanSteakhouseBar,+60 4-966 3078,,
Yellow Cafe,4.0 ,"Pantai Cenang, Langkawi 07000 Malaysia",http://www.facebook.com/yellowbeach.cafe/,$$ - $$$,$$ - $$$BarPizzaCafe,+60 12-459 3190,,
Terrace at The Danna,5.0 ,"Jalan Pantai Kok Telaga Harbour Park, Pantai Kok, Langkawi 07000 Malaysia",http://www.thedanna.com/dining/terrace,$$ - $$$,$$ - $$$ItalianVegetarian FriendlyVegan Options,+60 4-959 3288,Italian,"Lunch, Dinner, Drinks"
Red Tomato,4.0 ,"5 Casa Fina Avenue Opposite McDonald's, Pantai Cenang, Langkawi 07100 Malaysia",http://redtomatorestaurant.com.my/,$$ - $$$,$$ - $$$ItalianPizzaCafe,+60 4-955 4055,,
CinnamOn's,4.5 ,"16 Maliwalk Malibest Resort, Langkawi 07000 Malaysia",https://www.facebook.com/CinnamOnsGift/,$,$,+60 12-475 0469,,
Artisans Pizza Pantai Cenang Langkawi,4.5 ,"Lot 1230, Jalan Pantai Cenang, Langkawi 07000 Malaysia",,$$ - $$$,$$ - $$$ItalianInternationalAsian,+60 12-477 1232,,
The Cliff Restaurant & Bar,4.0 ,"Jalan Pantai Cenang Lot 63 & 40, Jalan, Pantai Cenang, Langkawi 07000 Malaysia",http://theclifflangkawi.com/,$$ - $$$,$$ - $$$SeafoodAsianFusion,+60 4-953 3228,,
Kalut Cafe N Bar,4.5 ,"Mali Mali Beach Resort, Cenang Beach, 07000 Langkawi Cenang Beach, Pantai Cenang, Langkawi 07000 Malaysia",http://www.facebook.com/kalutbar/,$$ - $$$,$$ - $$$BarPub,+60 12-817 1870,,
,,,,,,,,
Bamboobalangkawi,4.5 ,"SunBlock Jalan Teluk Baru End of Sunba Block, 28, Pantai Tengah, Langkawi 07000 Malaysia",http://www.facebook.com/bamboobaloungebar/,$$ - $$$,$$ - $$$BarGastropubStreet Food,+60 12-570 0104,,
Smiling Buffalo,4.5 ,"965 Kuala Chenang Mukim Kedawang, Langkawi 07000 Malaysia",,$$ - $$$,$$ - $$$CafeInternationalHealthy,+60 17-489 1990,,
Pantai Grill,4.5 ,"Jalan Pantai Beringin The St. Regis Langkawi, Langkawi 07000 Malaysia",https://www.marriott.com/hotels/hotel-information/restaurant/details/lgkxr-the-st-regis-langkawi/6470424/,$$ - $$$,$$ - $$$BarPizzaSeafood,+60 4-960 6666,,
Seasonal Tastes - The Westin Langkawi Resort & Spa,4.5 ,"The Westin Langkawi Resort & Spa Jalan Pantai Dato Syed Omar Langkawi 07000, Langkawi 07000 Malaysia",,$$ - $$$,$$ - $$$SeafoodInternationalHealthy,+60 4-960 8950,,
"The Dining Room, The Datai Langkawi",4.5 ,"Jalan Datai, Langkawi 07000 Malaysia",http://www.thedatai.com/dining/the-dining-room/,$$$$,$$$$InternationalVegetarian FriendlyVegan Options,+60 4-950 0500,,
Wan Thai,4.0 ,Langkawi 07000 Malaysia,,$$ - $$$,$$ - $$$AsianThaiVegetarian Friendly,,,
El Toro Langkawi - Mexican Bar & Grill,4.5 ,"FF4 Cenang Mall, Lot 2605, Pantai Cenang, Langkawi 07000 Malaysia",http://www.eltoro.my/,$,$MexicanBarGrill,+60 12-345 8770,,
Ain Arabia Restaurant & Cafe,5.0 ,"Pekan rabu,persiaran dayang Lot 1 Bandar Baru Baron, Kuah, Langkawi 07000 Malaysia",https://www.facebook.com/Ain-Arabia-restaurant-cafe-Langkawi-1380485948934270/,$$ - $$$,$$ - $$$Vegetarian FriendlyVegan OptionsHalal,+60 11-1111 0047,,
Straits & Co at The Danna,4.5 ,"Telaga Harbour Park The Danna Langkawi, Pantai Kok, Langkawi 07000 Malaysia",http://www.thedanna.com/dining/straits-co,$$ - $$$,$$ - $$$CafeDeliVegetarian Friendly,+60 4-959 3288,,
Indian Palace,4.0 ,"2, Jalan Pantai Chenang, Langkawi 07000 Malaysia",,$$ - $$$,$$ - $$$IndianVegetarian FriendlyVegan Options,+60 12-487 8787,,
Verandah Bar & Lounge at The Danna,5.0 ,"Telaga Harbour Park The Danna Langkawi, Pantai Kok, Langkawi 07000 Malaysia",http://www.thedanna.com/dining/the-verandah-lounge,$$ - $$$,$$ - $$$Bar,+60 4-959 3288,,
Kuah Town Seafood,4.5 ,"Persiaran Dayang 2, Langkawi 07000 Malaysia",,$$ - $$$,$$ - $$$ChineseSeafoodAsian,+60 12-472 2420,,
Yasmin Express,4.5 ,"next to Cenang Mall, Langkawi 07000 Malaysia",,$,$PizzaMediterraneanMiddle Eastern,6049523983,,
Santai,4.5 ,"209 Jalan Pantai Kok Kg Batu Ara, Kuala Teriang, Langkawi 07000 Malaysia",,$$ - $$$,$$ - $$$AsianFusionMalaysian,+60 4-955 2702,,
Breeze Lounge - The Westin Langkawi Resort & Spa,4.5 ,"The Westin Langkawi Resort & Spa Jalan Pantai Dato Syed Omar The Westin Langkawi Resort and Spa, Langkawi 07000 Malaysia",http://www.marriott.com/hotels/hotel-information/restaurant/details/lgkwi-the-westin-langkawi-resort-and-spa/6466482/,$$ - $$$,$$ - $$$BarCafeInternational,6049608952,"Bar, Cafe, International, Healthy",
Melayu Malay Cuisine Restaurant Pantai Tengah,4.0 ,"Jalan Teluk Baru Pantai Tengah, Langkawi 07000 Malaysia",,$,$AsianGrillFusion,+60 4-955 4075,,
Noodle Bar at The Danna,,"The Danna Langkawi, Pantai Kok, Pantai Kok, Langkawi 07000 Malaysia",,Asian,AsianMalaysian,+60 4-959 3288,,
Fair Cafe,4.0 ,"Lebuhraya Langkawi, Langkawi 07000 Malaysia",,$$ - $$$,$$ - $$$IndianAsianMiddle Eastern,+60 4-966 1102,,
OMG Restaurant Langkawi at Paradise 101,4.5 ,"Telaga Harbour Marina Jalan Padang Matsirat, Langkawi 07000 Malaysia",http://www.paradise101.com/omg-restaurant/,$$ - $$$,$$ - $$$AsianPubDiner,+60 4-965 0300,,
Instea - Pantai Chenang,5.0 ,"Jalan Pantai Chenang No 1 Ground Floor, Casa Fina Avenue, Mukim Kedawang, Langkawi 07000 Malaysia",http://insteacoffeebar.com/,$$ - $$$,$$ - $$$CafeEuropeanAsian,+60 17-473 7678,,
Mare Blu Italian Ristorante,4.0 ,"B5-6, Perdana Quay, Telaga Harbour Park, Langkawi 07000 Malaysia",http://www.mareblu.com.my/,$$ - $$$,$$ - $$$ItalianPizzaMediterranean,+60 4-959 3830,,
L'Orangerie at The St. Regis Langkawi,4.5 ,"Jalan Pantai Beringin, Langkawi 07000 Malaysia",http://www.marriott.com/hotels/hotel-information/restaurant/details/lgkxr-the-st-regis-langkawi/5982200/,$$ - $$$,$$ - $$$InternationalVegetarian FriendlyVegan Options,+60 4-960 6666,,
Planter's at The Danna,4.5 ,"Jalan Pantai Kok The Danna Langkawi, Pantai Kok, Langkawi 07000 Malaysia",,$$$$,$$$$InternationalAsianMalaysian,+60 4-959 3288,"Asian, Malaysian, International","Breakfast, Dinner"
Boat Restaurant,4.0 ,"2013 Jajan Telok Baru Pantai Tengah, Mukim Kedawang, Pantai Cenang, Langkawi Malaysia",,$,$ChineseSeafoodAsian,+60 12-475 5662,,
Bella restaurant,4.0 ,"Jalan Pantai Pantai Cenang, Langkawi Malaysia",,$,$AsianMalaysianVegetarian Friendly,+60 13-222 1099,,
Ikan-Ikan,4.5 ,"Jalan Tanjung Rhu, Langkawi 07000 Malaysia",http://www.fourseasons.com/langkawi/dining/restaurants/ikan_ikan/,$$$$,$$$$SeafoodAsianMalaysian,+60 4-950 8800,,
Beach Brasserie,4.0 ,"Karung Berkunci 200 Burau Bay, Langkawi 07000 Malaysia",,$$ - $$$,$$ - $$$ItalianFrenchSoups,+60 4-959 1888,,
The St. Regis Bar - The St. Regis Langkawi,4.5 ,"Jalan Pantai Beringin, Langkawi 07000 Malaysia",,$$ - $$$,$$ - $$$BarPubWine Bar,+60 4-960 6666,,
Verandah Bar & Lounge at The Danna,5.0 ,"Telaga Harbour Park The Danna Langkawi, Pantai Kok, Langkawi 07000 Malaysia",,$$ - $$$,$$ - $$$Bar,+60 4-959 3288,,
Pizza Hills,5.0 ,"Kuah, Kuah, Langkawi Malaysia",,$$ - $$$,$$ - $$$PizzaVegetarian FriendlyVegan Options,+60 17-528 8539,,
Gelato Cabana,4.5 ,"Jalan Pantai Cenang Jalan Pantai Cenang,, Langkawi 07100 Malaysia",https://www.facebook.com/gelatocabanalgk/,$$ - $$$,$$ - $$$DessertItalian,+60 11-2313 8269,,
Lebanon Shawarma Kebab Langkawi Cafe,4.5 ,"2, Jalan Pantai Chenang, Langkawi 07000 Malaysia",https://www.facebook.com/Lebanon-shawarma-kebab-langkawi-cafe-105625814566022/,$,$LebaneseFast foodMediterranean,+60 11-1189 1981,,
33 Bistro & Bar,4.5 ,"Lot 33 , Jalan Teluk Baru, Pantai Tengah, Kampung Tasik Anak,, Pantai Tengah, Langkawi 07000 Malaysia",,$$ - $$$,$$ - $$$FusionMalaysianVegetarian Friendly,+60 12-687 9099,,
BObi's Restaurant & Cafe,4.0 ,"Jalan Pantai Tengah No 4 Road to the Central Coast of Langkawi, Langkawi 07000 Malaysia",,$,$ChineseSouthwesternInternational,+60 11-2676 3229,"Chinese, Southwestern, International, Thai, Malaysian","Breakfast, Lunch, Dinner, Brunch"
Terrace at The Danna,5.0 ,"Jalan Pantai Kok Telaga Harbour Park, Pantai Kok, Langkawi 07000 Malaysia",,$$ - $$$,$$ - $$$ItalianVegetarian FriendlyVegan Options,+60 4-959 3288,Italian,"Lunch, Dinner, Drinks"
Charlie's Bar & Grill,4.0 ,"Jalan Dato Syed Omar Royal Langkawi Yacht Club, Langkawi 07000 Malaysia",http://hugosgroup.com.my/charlies-bar-grill-home-page/,$$ - $$$,$$ - $$$ItalianFrenchChinese,+60 4-961 1396,,
Rockafellers Langkawi,5.0 ,"Jalan Teluk Baru Lot 31, Pantai Tengah, Langkawi 07000 Malaysia",https://www.theolivetreegroup.com/,$$ - $$$,$$ - $$$IndianEuropeanMalaysian,+60 12-673 5037,,
LaVilla Poolclub & Restaurant,4.5 ,"Jalan Pantai Tengah, Pantai Tengah, Langkawi 07000 Malaysia",http://lavilla-poolclub-restaurant.business.site/,$$ - $$$,$$ - $$$ItalianSteakhouseBar,+60 4-952 9837,,
The Loaf Perdana Quay,4.5 ,"C9 Perdana Quay Telaga Harbour Park, Langkawi, Malaysia, Langkawi 07000 Malaysia",http://www.theloaf.asia/,$$ - $$$,$$ - $$$BakeriesCafeFusion,+60 4-950 2101,,
Haroo Story Korean Restaurant,4.5 ,"Langkawi fair LOT G5 Langkawi Fair Shopping Mall, Kuah, Langkawi 07000 Malaysia",https://www.facebook.com/Haroo-Story-Korean-Culture-Cafe-176968582670174/,$$ - $$$,$$ - $$$KoreanVegetarian Friendly,+60 12-514 0049,,
The Roof Restaurant,4.0 ,"Lot 1751 Kampung Kuala Teriang, Langkawi 07100 Malaysia",,$$ - $$$,$$ - $$$ChineseSeafoodAsian,+60 4-955 2963,,
Seoul Korean Restaurant,5.0 ,"No.80A Dayang Walk Persiaran Pelangi, Kuah, Langkawi 07000 Malaysia",https://www.facebook.com/seoullangkawi,Asian,AsianKoreanVegetarian FriendlyVegan Options,+60 17-434 2057,,
Cili Kampung,4.5 ,"11 Kampung Bohor Darat, Jalan Kedawang, Langkawi 07000 Malaysia",http://cilikampung.com/,$,$AsianMalaysianVegetarian Friendly,+60 17-319 6641,,
Tapaz,4.5 ,"Kuala Chenang, Langkawi 07000 Malaysia",https://www.facebook.com/Tapaz-Langkawi-423331411376594/,$$ - $$$,$$ - $$$BarSeafoodMediterranean,+60 12-476 2486,,
Taj Mahal,4.0 ,"Jalan Pantai Cenang, Langkawi 07000 Malaysia",http://www.tajhotels.com/,$$ - $$$,$$ - $$$IndianAsianMiddle Eastern,+60 4-953 2101,,
Pom Pom Bar & Restaurant,4.5 ,"Lot 60177, Tropicana Cenang Property Gallery, Jalan Pantai Cenang, Mukim Kedawang,, Langkawi 07000 Malaysia",https://pom-pom-bar-restaurant.business.site/,$$ - $$$,$$ - $$$BarAsianThai,+60 4-952 3222,,
The Wood's Kitchen & Bar Langkawi,4.5 ,"Jalan Pantai Tengah Mukim Kedawang Langkawi, Langkawi 07000 Malaysia",,$,$BarInternationalAsian,+60 11-3382 9618,,
Teng Long Guan Seafood Restaurant,4.0 ,"Lot 1697 Jalan Teluk Baru, Langkawi 07000 Malaysia",,$$ - $$$,$$ - $$$ChineseBarSeafood,+60 12-720 6005,,
Hadramawt Langkawi Restaurant,4.5 ,"69.71 langkawi mall, persiaran bunga raya kuah, Langkawi 07000 Malaysia",,$$ - $$$,$$ - $$$Middle EasternArabicVegetarian Friendly,+60 17-500 4011,,
Viva Italia,3.5 ,"Jalan Pantai Cenang OPP-MELATTI Tanjung, Langkawi 07000 Malaysia",,$$ - $$$,$$ - $$$ItalianPizzaVegetarian Friendly,+60 11-1158 2425,,
Kapal Layar Restaurant,4.0 ,"2187 Teluk Nibong, Langkawi Malaysia",http://my.nusalist.com/pages/kapal-layar-langkawi/74632,$$ - $$$,$$ - $$$ChineseSeafoodAsian,+60 12-495 1449,,
Kelapa Grill,4.5 ,"Jalan Tanjung Rhu, Langkawi 07000 Malaysia",http://www.fourseasons.com/langkawi/dining/restaurants/kelapa_grill/,$$$$,$$$$SeafoodInternationalAsian,+60 4-950 8888,,
Restoran Kak Yan Nasi Campur,4.0 ,"Jalan Ulu Melaka, Kampung Padang Gaong, Langkawi 07000 Malaysia",,$,$SeafoodAsianSoups,+60 11-2718 7928,,
Amani Cafe,5.0 ,"Jalan Pantai Chenang, Langkawi 07000 Malaysia",https://www.facebook.com/AMANI-Cafetaria-533564273654757/?rf=270210219760870,$,$AmericanCafeAsian,+60 18-462 2870,,
Sands,4.0 ,"Tanjung Rhu Resort, Langkawi 07000 Malaysia",,$$ - $$$,$$ - $$$ItalianAmericanAsian,+60 4-959 1033,,
Artisans Pizza,4.0 ,"Perdana Quay Telaga Harbour Pekan Rabu, opposite traffic police station, Kuah, Langkawi 07000 Malaysia",,$$ - $$$,$$ - $$$ItalianPizzaInternational,+60 4-967 1232,,
Maya Restaurant / Cafe,4.5 ,"Jalan Teluk Baru, Langkawi 07000 Malaysia",,$$ - $$$,$$ - $$$ItalianAmericanPizza,+60 17-551 9873,,
Melior Cafe Langkawi,4.5 ,"Lot 33, Pandak Mayah 4, Kuah, Langkawi 07000 Malaysia",http://www.facebook.com/meliorlangkawi,$,$CafeAsianFusion,+60 4-961 1025,,
Weng Fung Seafood Restaurant,4.5 ,"26 Jalan Penarak Kompleks Cayman, Kuah, Langkawi 07000 Malaysia",http://g.page/weng-fung-seafood-restaurant-lgk?gm,$$ - $$$,$$ - $$$ChineseSeafoodAsian,+60 12-478 3448,,
Restoran Siti Fatimah,4.5 ,Langkawi Malaysia,,$,$AsianMalaysianVegetarian Friendly,+60 12-473 7430,,
Bohor Coffee N Cafe,5.0 ,"Lot 950, Jalan Padang Matsirat, Padang Mat Sirat, Langkawi 07000 Malaysia",https://www.facebook.com/profile.php?id=100077395190636,$$ - $$$,$$ - $$$Cafe,+60 10-389 6944,,
Restoran Aliah,4.5 ,"Jalan Kedawang Kampung Temoyong, Pantai Cenang, Langkawi 07000 Malaysia",,$,$SeafoodAsianVegetarian Friendly,+60 19-767 7063,,
House of Lamb Langkawi,4.5 ,"No.17 Kampung Dusun Jalan Ulu Melaka, Langkawi 07000 Malaysia",https://www.facebook.com/houseoflambcarspa/,$$ - $$$,$$ - $$$BarbecueHalal,+60 19-790 5720,,
Tayfun's Kitchen At Poseidon's At Royal Langkawi Yacht Club ,5.0 ,"Jalan Dato Syed Omar, Kuah, Langkawi 07000 Malaysia",,Italian,ItalianMediterraneanSpanishTurkish,+60 19-616 8602,,
Serai Restaurant,4.5 ,"Jalan Tanjung Rhu, Langkawi 07000 Malaysia",http://www.fourseasons.com/langkawi/dining/restaurants/serai/,$$$$,$$$$Italian,6049508888,,
Teo Seafood Restaurant,4.0 ,"30, Pusat Dagangan Kelana Mas Kuah 07000 langkawi, Kedah., Kuah, Langkawi Malaysia",https://www.facebook.com/pages/Teo-Seafood-Restaurant-Langkawi/1993196867371798?ref=br_rs,$$ - $$$,$$ - $$$ChineseSeafoodAsian,6049665520,,
The Three Amigos,3.5 ,"Japan Pantai Cenang Cenang beach, Pantai Cenang, Langkawi 07000 Malaysia",,$$ - $$$,$$ - $$$MexicanVegetarian Friendly,+60 4-955 8646,,
Damascus Cafe,4.5 ,"Cenang beach, next to Mali Mali Beach Resort, Langkawi 07000 Malaysia",,$,$CafeFast foodGrill,+60 19-364 5012,,
Happy-Happy Cenang Seafood Restaurant,3.5 ,"lot44 Jalan Pantai Cenang, Langkawi Malaysia",http://www.facebook.com/happyhappycenangseafoodrestaurant,$$ - $$$,$$ - $$$ChineseSeafoodAsian,+60 11-2414 2386,,
The Loaf Plaza Cenang,5.0 ,"Lot 2606, Cenang Plaza Hotel Langkawi Mukim Kadawang, Pantai Cenang, Langkawi 07000 Malaysia",,$$ - $$$,$$ - $$$CafeAsianMalaysian,+60 4-955 1546,,
The Beach Club & Beach Bar,4.5 ,"Jalan Teluk Datai, Langkawi 07000 Malaysia",http://www.thedatai.com/dining/the-beach-club-and-the-beach-bar/,$$ - $$$,$$ - $$$ItalianSeafoodInternational,+60 4-950 0500,,
Islandish Seafood Restaurant,3.5 ,"Jalan Pantai Cenang, Langkawi 07000 Malaysia",,$$ - $$$,$$ - $$$SeafoodAsianThai,,"Seating, Wheelchair Accessible, Serves Alcohol, Free Wifi, Table Service, Takeout, Reservations",
Restaurant Marhaba Langkawi,4.0 ,"Oriental Village, Langkawi Malaysia",http://www.facebook.com/resturantmarhaba/,$$ - $$$,$$ - $$$IndianAsianVegetarian Friendly,+60 18-919 8780,,
Barbosa Pizza & Bar,4.5 ,"Jln Dato'Syed Omar G-3.9,C/O Royal Langkawi Yacht Club, Langkawi 07000 Malaysia",http://www.facebook.com/permalink.php?id=245645515964946&story_fbid=252239511972213,$$ - $$$,$$ - $$$ItalianFrenchAmerican,+60 4-961 1196,,
CoffeeNuts,5.0 ,"12, Jalan Telaga Tujuh, Langkawi 07100 Malaysia",http://www.instagram.com/coffee.langkawi/,$$ - $$$,$$ - $$$Cafe,+60 12-503 0887,,
New Port Eatery,5.0 ,"36A Jalan Pelangi 2, Kuah, Langkawi 07000 Malaysia",,$,$SouthwesternThai,6049610313,,
Z&F Restaurant,4.5 ,"Lot 33 Jalan Teluk Baru Pantai Tengah, Langkawi 07000 Malaysia",https://www.facebook.com/pages/ZF-Restaurant/355313071312144?sk=timeline,$$ - $$$,$$ - $$$ChineseSeafoodAsian,+60 12-560 6606,,
Telaga Seafood Restaurant,3.5 ,"Jalan Pantai Cenang, Langkawi 07000 Malaysia",http://www.telagaseafoodlgk.com/,$$ - $$$,$$ - $$$MalaysianArabicVegetarian Friendly,+60 4-955 2225,,
Tandoori & Naan Corner,5.0 ,"Dayang Walk Commercial Square Malaysia, 78, 1 78, 1, Persiaran Pelangi, Kelibang, 07000 Langkawi, Kedah, Kuah, Langkawi 07000 Malaysia",,$,$IndianAsianMiddle Eastern,+60 11-3900 5477,,
AH XI FRUI SHOP,4.5 ,"No 5 Maliwalk Malibest Jalan Opposite Palm View Restaurant, Pantai Cenang, Langkawi 07000 Malaysia",,$$ - $$$,$$ - $$$Dessert,+60 16-415 8657,,
SECRET RECIPE,3.5 ,"Lebuhraya Langkawi Kuah, Langkawi 07000 Malaysia",http://secretrecipe.com.my/,$$ - $$$,$$ - $$$CafeInternationalVegetarian Friendly,+60 4-969 9107,,
The English Tea Room,4.0 ,"Casa Fina Avenue Pantai Cenang, Langkawi Malaysia",,$$ - $$$,$$ - $$$CafeBritish,+60 13-491 2343,,
Burgersmith Langkawi,3.5 ,"Jalan Pantai Cenang CMD1 Cenang Mall, Lot 2605, Mukim Kedawang, Langkawi 07000 Malaysia",http://www.facebook.com/myburgersmithlgk/,$$ - $$$,$$ - $$$Quick BitesAmericanVegetarian Friendly,+60 11-3324 8079,,
Tanjung Tirai View Cafe,4.5 ,"Kompleks Jeti Perlancongan, Langkawi 07000 Malaysia",http://www.facebook.com/pages/Tanjung-Tirai-View-Cafe-Sate-House-/147892518624087,$$ - $$$,$$ - $$$SeafoodAsianThai,+60 17-538 8099,,
Indian Palace Restaurant,4.0 ,"2, Jalan Pantai Chenang Kampung Lubok Buaya, Langkawi 07000 Malaysia",,$$ - $$$,$$ - $$$ChineseIndianArabic,+60 11-1779 9984,,
May Yi Cafe,4.0 ,"Plot 22 Komplex Cayman, Langkawi 07000 Malaysia",,$$ - $$$,$$ - $$$ChineseEuropeanAsian,+60 4-966 1063,,
The Argan Trees,5.0 ,"Sunblock Jalan Teluk Baru Near Bambooba and Haroo, Langkawi 07000 Malaysia",,$$ - $$$,$$ - $$$ItalianPizzaSeafood,+60 4-955 3066,,
Hornbill Café,4.5 ,"Jln Teluk Datai The Els Club Teluk Datai - Rainforest Course, Datai, Langkawi 07000 Malaysia",https://www.elsclubmalaysia.com/hornbill_cafe/,$$ - $$$,$$ - $$$AmericanInternationalEuropean,+60 4-959 2700,,
Qiangshifu,4.0 ,"No 20.21.22, Langkawi Malaysia",,$$ - $$$,$$ - $$$ChineseSeafoodAsian,+60 17-561 2223,,
Pelangi Grill ,5.0 ,"Pelangi Beach Resort & Spa, Pantai Cenang, Langkawi 07000 Malaysia",https://www.pelangiresort.com/dining/pelangi-grill,$$$$,$$$$BarInternationalBarbecue,+60 4-952 8888,,
FB Cafe - Napolitan Pizza,5.0 ,"No 50, Mukim, Kampung Padang Gaong, Langkawi 07000 Malaysia",,Italian,ItalianAmericanPizza,+60 17-430 5921,,
Atlantis Restaurant,5.0 ,"Lot 764 Kg Ketapang, Langkawi 07000 Malaysia",https://www.facebook.com/Atlantis-Arabic-Restaurant-2018338768425620/,$$ - $$$,$$ - $$$Malaysian,+60 19-477 3795,,
Cappuccino House,4.0 ,"No. 1 Jalan Pandak Mayah 5, Langkawi 07000 Malaysia",,$$ - $$$,$$ - $$$BarPizzaCafe,+60 17-414 6666,,
The Absolut by The Smith House,4.5 ,"The Smith House Langkawi Bandar Padang Matsirat, 07100 Daerah Langkawi, Kedah Darul Aman. Malaysia, Langkawi 07100 Malaysia",http://www.thesmith-house.com/,$$ - $$$,$$ - $$$InternationalAsianVegetarian Friendly,+60 4-952 3777,,
Zhong Hua Lou Seafood Restaurant,4.5 ,"1 Pantai Tengah, Langkawi 07000 Malaysia",,$,$ChineseSeafoodAsian,+60 4-955 9688,,
Gym Cafe & Restaurant,5.0 ,"113 Kg Kuala Temonyong, Langkawi 07000 Malaysia",http://gym-cafe-fitness-center-restaurant.business.site/?utm_source=gmb&utm_medium=referral,$,$MoroccanSouthwesternPizza,+60 10-203 4324,,
Kak Hawa Restaurant,5.0 ,"Jalan Teluk Yu, Langkawi 07000 Malaysia",,Asian,AsianMalaysianVegetarian Friendly,,,
Rhu Deck,5.0 ,"Tanjung Rhu Resort, Tanjung Rhu, Langkawi 07000 Malaysia",http://tanjungrhu.com.my/,Bar,BarCafeAsianPub,+60 4-959 1033,,
The Float,4.5 ,"Jalan Pantai Dato Syed Omar The Westin Langkawi Resort & Spa, Langkawi 07000 Malaysia",https://www.marriott.com/hotels/hotel-information/restaurant/details/lgkwi-the-westin-langkawi-resort-and-spa/6029737/,$$$$,$$$$InternationalIndonesianVegetarian Friendly,+60 4-960 8888,,
Restoran Makanan Laut Yong Leong,4.0 ,"Persiaran Mutiara, Langkawi 07000 Malaysia",,$$ - $$$,$$ - $$$ChineseSeafoodAsian,+60 4-966 8495,,
Ka Kee Lang Seafood Restaurant,4.0 ,"Kuah, Langkawi 07000 Malaysia",,$$ - $$$,$$ - $$$ChineseSeafoodAsian,,,
Thien Sheng Seafood Restaurant,4.5 ,"Jalan Pantai Kok Kampung Batu Ara Mukim Padang Matsirat, Langkawi 07000 Malaysia",https://www.facebook.com/ThienShengSeafood/?hc_ref=PAGES_TIMELINE,$$ - $$$,$$ - $$$ChineseSeafoodAsian,+60 12-515 4438,,
K-Chicken,4.0 ,"A-14-15, Pokok Asam, Kuah Level 3, Langkawi Parade Megamall, Langkawi 07000 Malaysia",http://www.facebook.com/KChickenLangkawi,$$ - $$$,$$ - $$$InternationalAsianKorean,+60 4-966 1072,,
Chuan Bar,5.0 ,"Jalan Pandak Mayah 5 No. 24, Kuah, Langkawi 07000 Malaysia",http://www.amazinglangkawi.com.my/chuanbarmenu,Japanese Fusion,Japanese Fusion,+60 10-528 8720,,
McDonald's,3.5 ,"Jalan Pantai Cenang, Langkawi 07000 Malaysia",,$,$Quick BitesAmericanFast food,+60 4-955 1505,,
Selera Lubuk Buaya,4.0 ,"Lot 9659, KG PDG Putih Jalan Pantai Tengah, Langkawi Malaysia",,$,$SeafoodAsianMalaysian,+60 17-573 9649,,
Restaurant Haji Ali Nasi Kandar Asli,4.0 ,"No 10 Jalan Pandak Mayah 3 Pusat Bandar Kuah, Langkawi 07000 Malaysia",,$,$IndianAsianMalaysian,,,
Starbucks,3.5 ,"No. Lot C2, Public Concourse Langkawi International Airport, Langkawi 07000 Malaysia",http://starbucks.com.my/en-US/_Our+Stores/_Community+Stores/Kedah.htm,$$ - $$$,$$ - $$$Quick BitesCafe,604 955 7780,,
Telaga Walk,4.5 ,"Jalan Pantai, Langkawi 07000 Malaysia",https://www.facebook.com/telagawalk/,International,InternationalAsianThaiStreet Food,+60 4-955 3665,,
Molek Cafe & Boutique,4.5 ,"Villa Molek 2863 Jalan Pantai Tengah, Pantai Tengah, Langkawi 07000 Malaysia",https://www.facebook.com/Molekcafeboutiquelangkawi/,$$ - $$$,$$ - $$$EuropeanAsianMalaysian,+60 17-420 1688,,
May Hiang Restaurant,4.0 ,"Jalan Pantai Tengah, Pantai Tengah, Langkawi 07000 Malaysia",,$$ - $$$,$$ - $$$ChineseSeafoodAsian,+60 4-955 8694,,
Restaurant Rt Langkawi,5.0 ,"21, Pandak Mayah 3, Pusat Bandar Kuah, Langkawi 07000 Malaysia",,$$ - $$$,$$ - $$$ChineseSeafood,+60 4-966 6989,,
Restoran Desa Permata Ikan Bakar,4.0 ,"No 6 Lot Kedai Taman Desa Permata Taman Desa Permata, Kuah, Langkawi 07000 Malaysia",,$,$SeafoodAsianMalaysian,+60 19-567 8369,,
Dawan Thai Kitchen Seafood Restaurant,4.5 ,"78, Jalan Tanjung Rhu, Langkawi 07000 Malaysia",,$,$Thai,+60 12-496 4854,,
OK Boss asam pedas,4.5 ,"Jalan Pantai Cenang, Langkawi 07000 Malaysia",,$,$AsianMalaysian,+60 12-367 7742,,
Cili Kampung Tengah Beach,5.0 ,"38 Jalan Teluk Baru, Pantai Tengah, Langkawi 07000 Malaysia",http://cilikampung.com/,$,$AsianMalaysian,+60 19-743 2177,,
Restoran Seafood Anis,4.5 ,"next to Tanjung Rhu Resort, Langkawi Malaysia",,$,$SeafoodAsianMalaysian,+60 17-593 9031,,
Laila Kebab House,4.0 ,"Block K01 ,Oriental Village, Burau Bay, Langkawi 07000 Malaysia",http://m.facebook.com/Le-Code-Bar-164159177063345/,$$ - $$$,$$ - $$$IndianMiddle EasternVegetarian Friendly,+60 17-502 5829,,
Saffron Sports Bistro,4.0 ,"Tanjung Rhu Resort, Langkawi 07000 Malaysia",http://tanjungrhu.com.my/,$$ - $$$,$$ - $$$BarAsianPub,+60 4-959 1033,,
Purple Haze Tavern,4.5 ,"Lot 1755 Jalan Kuala Muda, Langkawi 07000 Malaysia",,$,$Bar,+60 17-531 5374,,
Laila Kebab House,4.5 ,"Jalan Patai Chenang, Langkawi 07000 Malaysia",https://laila-kebab-house-cenang.business.site/,$$ - $$$,$$ - $$$IndianMiddle EasternPakistani,+60 19-677 8221,,
My Chef Seafood Restaurant,4.0 ,"227-G-2 The Fiesta Pusat Dagangan Kelana Mas Kuah, Langkawi Malaysia",http://www.facebook.com/mychefseafood/timeline?ref=page_internal,$$ - $$$,$$ - $$$ChineseSeafoodAsian,+60 12-451 9756,,
Delhi Palace Restaurant,5.0 ,"1471-1, Kg. Bawah, Kampung Padang Mat Sirat, Langkawi Malaysia",https://m.facebook.com/delhipalacerestaurant,Indian,IndianArabic,+60 11-1166 3600,,
Sunset Boulevard,4.0 ,"Jalan Pantai Cenang opp AB Mini Mart, Langkawi 07000 Malaysia",,$$ - $$$,$$ - $$$IndianInternationalAsian,6049552627,,
Paloh Restaurant & Bar,4.5 ,"Lot 1053 Jalan Pantai Cenang Temple Tree Resort, Langkawi 07000 Malaysia",https://templetree.com.my/dining.html?utm_source=Google+Business+Profile&utm_medium=link,$$ - $$$,$$ - $$$InternationalAsianMalaysian,+60 12-800 6730,,
Dash Beach Club,4.0 ,"Jalan Teluk Baru Dash Resort Langkawi, Langkawi 07000 Malaysia",https://www.facebook.com/dashbeachclub/,$$ - $$$,$$ - $$$BarInternational,+60 4-955 7171,,
Shell Out Langkawi,4.0 ,"Kompleks Ed Adina Dayang Pekan Rabu, Langkawi 07000 Malaysia",http://www.facebook.com/langkawishellout,$$ - $$$,$$ - $$$SeafoodAsianMalaysian,+60 19-298 8990,,
Jom Makan Restaurant,4.0 ,"Jalan Persiaran Kuah, Langkawi 07000 Malaysia",http://www.facebook.com/pg/JOM-MAKAN-Restaurant-236173503204393/about/,$,$ChineseAsianMalaysian,+60 19-594 9777,,
Din Cafe,4.0 ,"Ayer Hangat, Langkawi 07000 Malaysia",,$,$AsianMalaysian,,,
Rootian Seafood Restaurant,3.5 ,"89 Jalan Pandak Mayah 5 Pusat Bandar Kuah, Langkawi 07000 Malaysia",http://www.facebook.com/RootianSeafoodLangkawi,$$ - $$$,$$ - $$$ChineseSeafoodAsian,+60 12-433 3338,,
Paradise Seafood Restaurant,4.0 ,"No. 188-189 201-202 Pusat Dagangan Kelana Mas, Langkawi 07000 Malaysia",,$$ - $$$,$$ - $$$ChineseSeafoodAsian,+60 12-409 2809,,
Che Ta Chicken Rice Store,5.0 ,"172 Jalan Ulu Melaka, Ayer Hangat, Langkawi 07000 Malaysia",,$,$ThaiMalaysian,+60 19-414 3119,,
Rose Tea,4.0 ,"Main Street, Pantai Cenang, Langkawi 07000 Malaysia",,$$ - $$$,$$ - $$$AsianThaiVegetarian Friendly,,,
Apathaas Taste Indian Restaurant,4.5 ,"31, Persiaran Mutiara, Pusat Dagangan Kelana Mas, Kuah, Langkawi 07000 Malaysia",http://www.facebook.com/apathaastaste/,$,$IndianVegetarian FriendlyVegan Options,+60 12-437 8081,,
Water Garden Hawker Centre,3.5 ,"89/ 90 Jalan Pandak Mayah 5, Kuah, Langkawi Malaysia",http://www.facebook.com/pages/category/Pizza-Place/Ristorante-Pizzeria-Al-Paradise-2053236644919732/,$,$ChineseIndianAsian,604 966 8400,,
Nasi Lemak Ultra  Imut's Hall & The Black Kitchen,4.5 ,"Simpang Tiga Jalan Kedawang, Langkawi 07000 Malaysia",https://www.facebook.com/nasilemakultra/,$,$CafeAsianMalaysian,+60 19-303 6129,,
Wundabar German Beiz Langkawi,5.0 ,"Jalan Pantai Chenang, Kampung Lubok Buaya, Langkawi 07000 Malaysia",https://wundahausgetch.business.site/?utm_source=gmb&utm_medium=referral,American,AmericanGermanBarPizza,,,
Bosphorus Cafe,4.5 ,"No. 19a (ground Floor), Jalan Tiram 5, Kuah Dayang Walk Commercial Square, Kuah, Langkawi 07000 Malaysia",,$$ - $$$,$$ - $$$CafeMediterraneanEuropean,+60 11-1863 4541,,
Adya Hotel Langkawi,4.0 ,"Persiaran Mutiara 2 No.1. P.T. 4001, Kuah, Langkawi 07000 Malaysia",,$$ - $$$,$$ - $$$Malaysian,6049608000,,
Hotel Malaysia Restaurant,3.5 ,"No. 66, Pokok Asam, Kuah, Langkawi 07000 Malaysia",,$,$IndianAsianVegetarian Friendly,+60 19-426 3263,,
Warung Cafe,4.0 ,"Kampung Lubok Buaya, Langkawi 07000 Malaysia",,$,$CafeFast foodAsian,,,
La Bella Pizzeria,4.0 ,"Lot 2608 Tanjung Malie, Pantai Cenang, Langkawi 07000 Malaysia",,$$ - $$$,$$ - $$$ItalianPizzaEuropean,+60 17-660 5145,,
Selera Akmal,5.0 ,"No 5 Jalan Lapangan Terbang Mukim Padang Matsirat ,, Langkawi 07000 Malaysia",,Asian,AsianMalaysian,+60 12-594 4638,,
Rasta,5.0 ,"Lot 2025, Jalan Teluk Baru, Pantai Tengah, Langkawi 07000 Malaysia",https://www.facebook.com/profile.php?id=100086364971185,$$ - $$$,$$ - $$$ItalianIndianCaribbean,+60 4-955 5085,,
Warung De Cenang,4.5 ,"16, Jalan Pantai Chenang, Kampung Lubok Buaya, Langkawi 07000 Malaysia",https://www.facebook.com/warung-de-cenang-101910542260525/?ref=page_internal,$,$AsianThaiMalaysian,+60 17-456 2905,,
Spice & Rice,3.5 ,"16 Jalan Pantai Chenang Kampung Lubok Buaya, Langkawi 07000 Malaysia",,$$ - $$$,$$ - $$$IndianAsianVegetarian Friendly,,,
Aseania Seafood Restaurant,4.0 ,"Simpang Tiga, Jalan Pantai Tengah, Mukim Kedawang Aseania Resort, Langkawi 07000 Malaysia",http://www.aseanialangkawi.com.my/,$$ - $$$,$$ - $$$SeafoodAsianMalaysian,+60 11-1147 8489,,
Restoran Padang Pasir Nasi Kandar Tulin,4.5 ,"Kuah, 07000 Langkawi, Kedah, Malaysia 121 Jalan Padang Matsirat, Kuah, Langkawi 07000 Malaysia",,$$ - $$$,$$ - $$$,6049666786,,
Bunga Cenang restoran,4.0 ,"Cenang Beach Resort Kv 13186-a, Langkawi 07000 Malaysia",,Fast food,Fast foodAsianThaiStreet Food,+60 12-472 2358,,
Curry Lab,5.0 ,"Lot 14, Jalan Pantai Cenang, Mukim Kedawang, Kedah Pulau Langkawi, Pantai Cenang, Langkawi 07000 Malaysia",,Indian,Indian,+60 16-837 5240,,
Restoran Haji Ramli,3.5 ,"Pantai Cenang, Langkawi Malaysia",,$$ - $$$,$$ - $$$SeafoodAsianMalaysian,,,
Malayu Tropical Resort,4.5 ,"Pantai Tengah, Langkawi 07000 Malaysia",,$,$AsianMalaysian,,,
Sembang Teh Tarik,4.5 ,"Laman Jati Persiaran Putera, Kuah, Langkawi 07000 Malaysia",http://www.facebook.com/sembangtehtariklangkawi,$,$SeafoodAsianGrill,+60 17-215 4746,,
Hangouts Cafe,5.0 ,"No 65-B Dayang walk Jalan Pelangi 1, Kuah, Langkawi 07000 Malaysia",https://www.facebook.com/hangoutcafelangkawi/,$$ - $$$,$$ - $$$DessertPhilippineCafe,+60 11-1076 5851,,
Beach Cove Restaurant,4.0 ,"Jalan Pantai Cenang Best Star Resort, Langkawi 07000 Malaysia",,$$ - $$$,$$ - $$$SteakhousePizzaGrill,+60 4-955 3809,,
Rao's Bananaleaf,4.5 ,"Lorong Surau 1565, Pantai Cenang, Langkawi 07000 Malaysia",,Indian,IndianAsianMalaysian,+60 11-1888 1383,,
Mr AsamPedas Cafe & Restaurant,5.0 ,"23a Persiaran Bunga Raya Langkawi Mall, Kuah, Langkawi 07000 Malaysia",,Asian,AsianMalaysian,+60 12-476 1797,,
Makan Mana Ikan Bakar,5.0 ,"125 Kampung Temoyong, Langkawi 07000 Malaysia",,Barbecue,BarbecueAsianGrillMalaysian,+60 16-538 4820,,
Chap Nya Yee Laksa Langkawi,4.5 ,"12-A Belakang Tokong, Langkawi 07000 Malaysia",http://www.facebook.com/chapnyayee,$,$AsianMalaysian,+60 12-554 9750,,
The Lobby Lounge,5.0 ,"Jalan Teluk Datai The Datai Langkawi, Langkawi 07000 Malaysia",http://www.thedatai.com/dining/the-lobby-lounge/,Bar,BarPubFusion,+60 4-950 0500,,
3pm Cafe,5.0 ,"no 52, Persiaran Bunga Rasa, Langkawi mall Langkawi, Kuah, Langkawi 07000 Malaysia",https://www.facebook.com/3pm-caf%C3%A9-3%E7%82%B93%E5%92%96%E5%95%A1%E9%A6%86-1720791691484039/,$$ - $$$,$$ - $$$DessertCafeInternational,+60 12-486 8219,,
Singgah Seafood,5.0 ,"Jalan Penarak Medan Selera Bendang Baru, Langkawi 07000 Malaysia",,$,$ChineseSeafood,+60 11-1002 6760,,
Karam Beriut,4.5 ,"No 4 Perdana Quay, Langkawi 07000 Malaysia",,Indian,IndianPizzaAsianTurkish,+60 11-6245 5700,,
Saloma Nasi Lemak Kukus Daun Pisang,4.0 ,"Kuah, Langkawi 07000 Malaysia",,$,$MalaysianHalal,,,
Oriental Pearl Restaurant,3.5 ,"Karong Berkunci 200 Berjaya Langkawi Resort, Burau Bay, Langkawi 07000 Malaysia",,$$ - $$$,$$ - $$$ChineseAsianVegetarian Friendly,+60 4-959 1888,,
Fish Farm Restaurant Langkawi,3.0 ,"Lot 1986 Jalan Penarak Mukim Kuah, Langkawi 07000 Malaysia",http://www.langkawi-fishfarm.com/,$$ - $$$,$$ - $$$ThaiHalal,6.01155E+11,,
Lazeez Restaurant,3.5 ,"135 Pusat Dagangan Kelana Mas Persiaran Mutiara, Kuah, Langkawi 07000 Malaysia",http://www.lazeezrestaurants.com/,$$ - $$$,$$ - $$$IndianPizzaMiddle Eastern,6049670786,,
Halim GP Gulai Panas,4.0 ,"no 4, Jalan Lapangan Terbang, Langkawi 07000 Malaysia",,$,$SeafoodAsianMalaysian,+60 4-955 9376,,
Laksa Power,3.5 ,"Jalan Quarter Jalan Pantai Cenang, Langkawi 07100 Malaysia",,$,$AsianMalaysian,,,
Honeybee Lgk,5.0 ,"Kampung Padang Lalang, Ayer Hangat, Langkawi 07000 Malaysia",,$,$Cafe,+60 13-374 3964,,
Membawang Corner,4.5 ,"79 Jalan Pantai Tengah, Mukim Kedawang, Langkawi 07000 Malaysia",,$,$CafeEuropeanAsian,+60 11-1240 0024,,
Refuel Cafe,4.0 ,"C-01 Oriental Village,cable Car, Jalan Teluk Burau,07000 Langkawi ,kedah Darul Aman Cable Car OR Oriental Village, Langkawi 07000 Malaysia",http://www.facebook.com/refuelcafelgk,$,$CafeEuropeanAsian,6049591657,,
Chocohauz Cafe and Bistro Langkawi,4.0 ,"Oriental Village, Jalan Teluk Burau, Kedah, 07000 Pulau Langkawi, Malaysia, Langkawi 07000 Malaysia",http://www.facebook.com/chocohauzlangkawi/info/,$$ - $$$,$$ - $$$CafeSeafoodThai,+60 16-632 9488,,
Viva Italia Restaurant,4.0 ,"Pantai Cenang, Langkawi 07000 Malaysia",,$$ - $$$,$$ - $$$ItalianMexican,+60 4-955 8646,,
Mafioso SteakHouse,4.0 ,"Lot 3 & 3A, Ground Floor, Cenang View Hotel, Pantai Cenang, Langkawi 07100 Malaysia",,$$ - $$$,$$ - $$$ItalianAmericanSteakhouse,+60 11-2165 9136,,
Rockefeller Langkawi ,5.0 ,"Jalan Teluk Baru Pantai Tengah, Pantai Tengah, Langkawi 070000 Malaysia",,American,AmericanBrew PubBarBarbecue,+60 12-673 5037,,
Mayhian Seafood Restaurant,4.0 ,"Jalan Pantai Tengah,, Kampung Kedawang, Langkawi 07000 Malaysia",,$$ - $$$,$$ - $$$ChineseSeafoodAsian,+60 12-470 0649,,
Phoenix Chinese Restaurant,3.5 ,"Jalan Pandak Mayah 1 Tunggang, Kuah, Langkawi 07000 Malaysia",,$$ - $$$,$$ - $$$ChineseAsian,+60 4-966 1818,,
The Baker Girls,5.0 ,"129, Jalan Kuala Muda, Langkawi 07100 Malaysia",http://thebakergirls.biz/,$,$FrenchAsianMalaysian,+60 19-228 1389,,
Unicorn Ice Cream & Waffle,5.0 ,"Lot A1 Jalan Pantai Cenang Grand Beach Motel, Langkawi 07000 Malaysia",,$,$DessertInternationalAsian,+60 13-922 2827,,
Sajian Pulau,5.0 ,"Lot 182, Persiaran Mutiara 2 Jalan Trimula, Kuah, Langkawi 07000 Malaysia",https://www.facebook.com/jasss.mine.corner/,Asian,AsianThai,+60 11-2361 7933,,
Island Taste Bakery & Deli,4.0 ,"115 Jalan Padang Matsirat, Kuah, Langkawi 07000 Malaysia",http://www.facebook.com/Island-taste-bakery-deli-726500784098070/,Dessert,DessertCafeDeli,+60 4-966 8806,,
Restoran Aliah,5.0 ,"Jalan Teluk Baru, Langkawi Malaysia",,Asian,AsianMalaysian,+60 13-403 5937,,
Bottle & Glass Bar,4.5 ,"26A , Jalan Pelangi 2, Dayang Walk Kuah, Langkawi 07000 Malaysia",,$,$ItalianChineseSouthwestern,+60 16-794 8000,,
Sambal,5.0 ,"No. 6 Casa Fina, Jalan Pantai Cenang, Langkawi 07000 Malaysia",,,,+60 12-976 1700,,
Kaki Gunung Cafe,4.5 ,"172 Jalan Ulu Melaka, Langkawi 07000 Malaysia",https://www.facebook.com/Nasi-Arab-Kaki-Gunung-Cafe-767203496719047/?hc_ref=PAGES_TIMELINE,$$ - $$$,$$ - $$$AsianMalaysianArabic,+60 18-246 9645,,
"Istanbul restaurant Cafe, Turkish Delight",3.5 ,"Jalan Pantai Tengah Lot 589, Jalan Simpang 3, Pantai Tengah, Langkawi 07000 Malaysia",,$$ - $$$,$$ - $$$TurkishMiddle EasternHalal,+60 4-955 2100,,
The Pier Restaurant and Bar,4.0 ,"Pusat Dagangan Mas , Lot 107 Jalan Persiaran Putra, Kuah, Langkawi 07000 Malaysia",,$$ - $$$,$$ - $$$BarEuropeanAsian,+60 12-352 2236,,
Istanbul Restaurant,4.0 ,"Jalan Pantai Chenang, Langkawi 07000 Malaysia",,Seafood,SeafoodBarbecueTurkishArabic,+60 4-955 2100,,
The Edge Langkawi,4.5 ,"Lot 2566, Jalan Kuala Muda - Chenang Kampung Paya Mempelam, Mukim Kedawang, Langkawi 07000 Malaysia",https://www.facebook.com/theedgelangkawi/?ref=page_internal,Chinese,ChineseSeafoodInternationalAsian,+60 11-1017 7970,,
Café Bonobo,5.0 ,"79 Mukim Kedawang Jalan Pantai Tengah, Langkawi 07000 Malaysia",http://www.facebook.com/Cafe-Bonobo-Langkawi-102409934457874/,American,AmericanCafeHealthy,6013708901,,
Spice Garden,3.5 ,"Lot 1698 Jalan Pantai Tengah Mukim, Langkawi 07000 Malaysia",http://www.spicegardenasia.net/,$$ - $$$,$$ - $$$IndianAsianMiddle Eastern,+60 4-953 2338,,
Sarti Supperclub Langkawi,5.0 ,"Lot 60177 Jalan Pantai Cenang Tropicana Cenang Property Gallery, Pantai Cenang, Langkawi 07000 Malaysia",,Quick Bites,Quick BitesItalianAsianMalaysian,+60 12-681 0810,,
Warung santai,4.5 ,"Lot 2327 Jalan Pantai Cenang, Langkawi 07000 Malaysia",,$$ - $$$,$$ - $$$AsianMalaysian,+60 17-271 2483,,
Chak' Grill,5.0 ,"Jalan Pantai Chenang, Pantai Cenang, Langkawi 07000 Malaysia",,Cafe,CafeBarbecueAsianGrill,,,
Bay Leaf,4.5 ,"16 Lencongan Putra 3 Mukim Kuah, Langkawi 07000 Malaysia",http://www.instagram.com/bayleaf16.langkawi,$$ - $$$,$$ - $$$ItalianAsian,+60 12-236 9434,,
Nasi Kukus Lagenda,5.0 ,"Jalan Padang Putih Mukim Kedawang, Langkawi 07000 Malaysia",https://www.facebook.com/Nasi-Kukus-Lagenda-293274500776718,Asian,AsianMalaysian,+60 19-922 2860,,
Nagoya Paradise Steamboat,4.0 ,"No.27-28,Kampung Kelibang, Langkawi 07000 Malaysia",,$$ - $$$,$$ - $$$ChineseSeafoodBarbecue,+60 16-402 8816,,
Pizza on Fire,4.0 ,"4B Jalan Pantai Chenang Melati Tanjung Hotel, Langkawi 07000 Malaysia",,Italian,ItalianInternationalDiner,+60 13-849 4420,,
Budaba,4.5 ,"Jalan Pantai Tengah Green Village, Jalan Pantai Tengah, Teluk Baru, Langkawi 07000 Malaysia",,Asian,AsianMalaysian,+60 11-3326 8477,,
Satu Periuk,4.5 ,"32 Pusat Perniagaan Kelana Mas, Kuah, Langkawi 07000 Malaysia",,$,$BarbecueMalaysian,+60 4-961 1826,,
Tourism Jetty Complex ( Departure Hall ),3.0 ,"Persiaran Putra, Langkawi 07000 Malaysia",,$$ - $$$,$$ - $$$Quick Bites,+60 17-538 8099,,
Terragrill Satay Cafe,4.5 ,"11&12, Taman Seri Berlian, Gerai Majlis Gerai Majlis, Kuah, Langkawi Malaysia",http://www.facebook.com/terragrill.langkawi,Barbecue,BarbecueAsianMalaysian,+60 19-412 2008,,
Koffeemilia,5.0 ,"231 Jalan Pantai Tengah, Langkawi 07000 Malaysia",,$,$Cafe,,,
Cheff Shark Cafe Station,5.0 ,"Jalan Kuala Melaka, Langkawi 07000 Malaysia",,$,$ItalianAsianMalaysian,+60 11-1959 1980,,
Gourmand Deli,4.5 ,"Jalan Pantai Beringin, Langkawi 07000 Malaysia",,$$ - $$$,$$ - $$$,+60 4-960 6687,,
Uskudars,4.5 ,"Telaga Harbur, Pantai Kok, Langkawi 07000 Malaysia",,$,$Turkish,+60 19-509 2294,,
Restaurant Rahim Sate Keda,5.0 ,"Dayang walk, Jalan pelangi 2, 07000 Kuah Kedah, Kuah, Langkawi Malaysia",,Asian,AsianIndonesianMalaysian,+60 17-445 1845,,
Tapaz At Tubotel,4.0 ,"Sungai Chenang Tubotel Langkawi, Langkawi 07000 Malaysia",http://www.tubotel.com/,Italian,ItalianSteakhousePizzaMediterranean,+60 12-476 2486,,
D Anjung Muara,4.5 ,"Jalan Kedawang Mukim Kedawang, Langkawi 07000 Malaysia",https://www.facebook.com/DAnjungCafe/,$$ - $$$,$$ - $$$AsianMalaysian,+60 4-952 3391,,
Seashells Chenang,3.0 ,"Laman Padi, Pantai Cenang, Mukim Kedawang, 07000 Langkawi - Kedah, Langkawi 07000 Malaysia",,$$ - $$$,$$ - $$$InternationalAsian,+60 17-577 0200,,
Restaurant Kashmir,5.0 ,"Jalan Teluk Burau Oriental Village, Langkawi 07100 Malaysia",,Chinese,ChineseIndianSouthwesternSeafood,+60 18-919 8780,,
Tubotel Restaurant,5.0 ,"Jetty Pelancongan Chenang, Langkawi Malaysia",,,,+60 12 4762486,,
Restaurant Shark Fing,3.5 ,"Langkawi Mall Dindong No. 267, Kuah, Langkawi 07000 Malaysia",,$,$AsianMalaysian,+60 4-966 4632,,
Restoran Nelayan Langkawi,3.5 ,"Jalan Bukit Malut, Langkawi 07000 Malaysia",,$,$SeafoodAsianMalaysian,,,
Tarbosh Lebanon Restaurant,4.0 ,"Lot 4 & 5, Ground Floor, Perdana Quay 2, Telaga Harbour Park, Langkawi 07100 Malaysia",,$$ - $$$,$$ - $$$LebaneseMediterranean,+60 4-959 3008,,
Langkawi Hainanese Cafe,3.5 ,"133 Langkawi Mall Jalan Kelibang, Kuah, Langkawi Malaysia",,$$ - $$$,$$ - $$$Chinese,,,
Nautilus Grill,3.5 ,"Persiaran Mutiara Bella Vista Hotel, Langkawi 07000 Malaysia",http://www.bellavistalangkawi.com/dining.html,$$ - $$$,$$ - $$$International,+60 4-966 2800,,
Samara Coffee,5.0 ,"Lot 15484, Pantai Cenang,Above 7/11, Langkawi 07000 Malaysia",,Italian,Italian,+60 16-491 0455,,
Sizzling and Claypot,4.0 ,"Langkawi Parade Shopping Centre, Langkawi Malaysia",,Asian,AsianMalaysian,+60 17-521 9153,,
Bali Spice Cafe,4.5 ,"No. 10m Jalan Persiaran Putra, Langkawi 07000 Malaysia",https://www.facebook.com/BaliSpiceCafe,Italian,ItalianAsianThaiMalaysian,,,
The Blarney Stone Langkawi,4.5 ,"17 Jalan Pelangi 2, Kuah Langkawi, Kuah, Langkawi 07000 Malaysia",http://irishlangkawi.com/,Irish,Irish,+60 19-641 5859,,
Langkawi Chill Out Cafe,5.0 ,"32-36 Jalan Teluk Baru, Pantai Tengah, Langkawi 07000 Malaysia",,$$ - $$$,$$ - $$$ChineseAmericanCafe,+60 11-3997 2906,,
Yam Yam Seafood Langkawi,4.0 ,"Lot 1697, Kg.Tasek Anak, Jalan Teluk Baru, Pantai Tengah, Langkawi 07000 Malaysia",http://yamyam.langkawi.rocks/,$$ - $$$,$$ - $$$ChineseSeafood,+60 12-904 9200,,
Station 49,5.0 ,"7 Jalan Padang Matsirat, Kuah, Langkawi 07000 Malaysia",,Asian,AsianMalaysian,+60 10-778 9449,,
Baron Bistro,4.5 ,"Bandar Baru Baron De Baron Resort, Langkawi 07000 Malaysia",http://barongrouphotels.com/,$$ - $$$,$$ - $$$AmericanSouthwesternEuropean,6049662222,,
Royal Tarboush Restaurant,4.5 ,"KG kuala MUDA, Kuah, Langkawi 07000 Malaysia",http://royaltarboush.business.site/,$$$$,$$$$IndianPizzaGrill,+60 11-3776 2776,,
Hyderabadi Biryani & Seafood Restaurant,4.0 ,"2 Jalan Pantai Cenang Beside T-shoppe, Langkawi 07000 Malaysia",,$$ - $$$,$$ - $$$IndianSeafoodBangladeshi,+60 11-1630 0520,,
Rhu Bar,4.5 ,"Jalan Tanjung Rhu Four Seasons Resort, Langkawi 07000 Malaysia",,$$$$,$$$$,60 (4) 950 8888,,
Restoran Nelayan Teluk Baru,4.5 ,"Jalan Teluk Baru, Langkawi 07000 Malaysia",,Asian,AsianMalaysian,+60 10-383 1331,,
Kolma Langkawi,4.5 ,"Jalan Pantai Tengah Lamping Lubok Buaya, Langkawi 07000 Malaysia",,Asian,AsianMalaysian,,,
The Sunset Bistro,5.0 ,"Jalan Pantai Chenang, Langkawi 07000 Malaysia",http://www.facebook.com/thesunsetbistro69/,$,$AmericanPizzaSeafood,+60 17-212 3295,,
The Pirathouse,4.0 ,"LOT-1697-KPG , Jalan Teluk Baru, Pantai Tengah, Langkawi 07100 Malaysia",https://www.facebook.com/people/The-Pirathouse/100085050368479/?paipv=0&eav=Afb9NMT0vhFbpvx0_aDf9M0DYJ0D4ogoAV6Vi6ua4Ts-nN7AC-yEzpZl_7RhAGY4M2U&_rdr,American,AmericanBarPizzaEuropean,+60 11-1969 6178,,
LOT 33 Cafe,4.0 ,"Kampung Tasik Anak, Pantai Tengah, Langkawi 07000 Malaysia",,$$ - $$$,$$ - $$$CafeAsianMalaysian,+60 4-952 3562,,
Spice Trader,4.0 ,"Teluk Nibong, Langkawi Malaysia",,Indian,IndianAsianThaiMalaysian,,,
Rice Garden At Mercure,4.0 ,"Lot 2500, Jalan Pantai Cenang, Mukim Kedawang Mercure Langkawi Pantai Cenang, Pantai Cenang, Langkawi 07000 Malaysia",http://all.accor.com/hotel/a3m7/index.en.shtml,$$ - $$$,$$ - $$$AmericanInternationalAsian,+60 4-964 2837,,
Jom Ikan Bakar Masakan Ala-Kampung,3.5 ,"Jalan Lapangan Terbang, Langkawi 07000 Malaysia",,$,$SeafoodAsianMalaysian,,,
Hafiz Rojak,4.0 ,"Jalan Pantai Kok, Langkawi 07000 Malaysia",,Asian,AsianMalaysian,+60 12-489 2334,,
D'Lima Cafe,3.5 ,"Jalan Pantai Chenang Kampung Lubok Buaya, Langkawi 07000 Malaysia",https://www.facebook.com/dlimacafepantaicenang/,Thai,ThaiMalaysianVegetarian Friendly,+60 19-505 0718,,
Tealive,5.0 ,"The Smith House, No 8 Bangunan, Kampung Padang Mat Sirat, Langkawi 07000 Malaysia",,Dessert,Dessert,+60 12-502 3448,,
Secret Recipe,4.0 ,"16, Jalan Pantai Chenang, Pantai Cenang, Langkawi 07000 Malaysia",,Cafe,Cafe,6049555107,,
798 Cafe Langkawi,4.5 ,"12A, Dayang Walk, Jalan Tiram 5, Langkawi 07000 Malaysia",,$$ - $$$,$$ - $$$PizzaCafeAsian,+60 12-299 0905,,
The Kelapa Cafe by TRV Langkawi,3.5 ,"61, Jalan Tanjung Rhu, Kampung Padang Lalang, Langkawi 07000 Malaysia",https://www.facebook.com/kelapacafelangkawi/?ref=page_internal,$$ - $$$,$$ - $$$Quick BitesInternational,+60 17-484 2604,,
Cafe1965,5.0 ,"Cafe 1965, 114, Jl. Teluk Baru, 07000 Langkawi, Kedah, Malaysia, Langkawi Malaysia",,$,$BarPub,+60 12-707 7798,,
Western Kampung,3.5 ,"Jalan Tanjung Rhu, Ayer Hangat, Langkawi 07000 Malaysia",https://www.facebook.com/pages/category/Restaurant/Western-Kampung-Ayer-Hangat-Langkawi-1479566285442484/,Indian,IndianAsianMalaysian,+60 11-1001 5856,,
Legend Soto,4.5 ,"Tapak Pasar Malam, Beras Terbakar Mukim Padang Matsirat, Langkawi 07000 Malaysia",,$,$Fast foodAsianIndonesian,+60 17-550 7884,,
Sajian Akis,4.5 ,"Bon Ton Resort From Airport to Chenang Beach, Langkawi 07000 Malaysia",,Seafood,SeafoodAsianThaiMalaysian,+60 19-873 7999,,
NoName Cafe & Resto,4.0 ,"78, Jalan Pelangi 1, Dayang Walk Commercial Square, Langkawi 07000 Malaysia",http://noname-cafe-hotel.business.site/,$,$ChinesePizzaAsian,+60 4-966 2806,,
Cruisers Kebab,5.0 ,"Kampung Lubok Buaya, Langkawi 07000 Malaysia",,Indian,IndianInternationalMiddle Eastern,+60 4-953 2107,,
Gelateria del Corso Centro,4.0 ,"Near Sugar Shop Entrance, Pantai Tengah, Langkawi 07000 Malaysia",http://www.facebook.com/corsocentro/,$,$DessertItalian,+60 13-433 7750,,
Hugo's Sunset Bar,4.5 ,"127 Jalan Dato Syed Omar Fisherman's Wharf Complex, Kuah, Langkawi 07000 Malaysia",,,,,,
DXN cafe & business,,"Jalan Pantai Tengah Sunblock, Langkawi 07000 Malaysia",,$$ - $$$,$$ - $$$Healthy,+60 12-542 0122,,
Pai Kin Cfood,5.0 ,"716, Jalan Pantai Cenang, 07000 in front Casa de mar, Pantai Cenang, Langkawi 07000 Malaysia",,Thai,Thai,+60 10-291 8554,,
Subway,3.5 ,"Jalan Teluk Burau Oriental Village G4, Langkawi 07000 Malaysia",,$,$,6049591304,,
Papa Iranian Restaurant,3.0 ,"JL. Teluk Baru No3, JLN Pantai Tengah, Langkawi 07000 Malaysia",http://papalangkawi.wixsite.com/papa,$$ - $$$,$$ - $$$Middle EasternRussianPersian,+60 17-505 7300,,
Roti Canai Otai  Langkawi,5.0 ,"Jalan Kedawang, Kampung Kedawang, Langkawi 07000 Malaysia",https://www.facebook.com/RANGGUP,Asian,AsianMalaysian,+60 17-448 6392,,
Food Paradise Restaurant & Bistro,5.0 ,"Gf 411, Jalan Padang Matsirat, Main Road, Langkawi 07000 Malaysia",https://food-paradise-restaurant-bistro.business.site/?utm_source=gmb&utm_medium=referral,,,+60 17-446 9786,,
Safa Marwah Restaurant,4.0 ,"Langkawi Parade 21, Lorong Tiram, Kuah, Langkawi Malaysia",,Indian,Indian,+60 11-6234 9210,,
Tiptop Langkawi Cafe,5.0 ,"Pandak Mayah 2 Tiptop Langkawi Cafe, Langkawi 07000 Malaysia",,Grill,GrillContemporaryHealthy,+60 19-993 6412,,
