Name,Rating,Address,URL,Price,Type,Phone,Cousine
Flowers in the Window,4.0 ,"9 Jalan Dhoby, Johor Bahru 80000 Malaysia",,$$ - $$$,$$ - $$$CafeVegetarian FriendlyVegan Options,+60 7-222 7489,"Vegetarian Friendly, Vegan Options"
D'Laksa - Original Penang Laksa,4.5 ,"No. 33. Jalan Seladang Lot No.S20, Lower Ground Floor, KSL City, Taman Abad, Johor Bahru 80250 Malaysia",http://www.facebook.com/dlaksa2012,$,$Quick BitesAsianMalaysian,+60 1-700-81-9563,Halal
Wan Li Chinese Restaurant,4.0 ,"2 Jalan Permas 11, Bandar Baru Permas Jaya Renaissance Johor Bahru Hotel, Johor Bahru 81750 Malaysia",,$$ - $$$,$$ - $$$ChineseAsianContemporary,+60 7-381 3388,"Vegetarian Friendly, Vegan Options, Halal"
Jeju Korea Bbq Restaurant,4.0 ,"22 Jalan Indah 15/3 Taman Bukit Indah, Johor Bahru 81200 Malaysia",,$$ - $$$,$$ - $$$BarbecueAsianKorean,+60 11-1616 7025,"Lunch, Dinner"
Pizz,5.0 ,"Lot 1.02, First Floor, Citrine Hub, Sunway Iskandar, Johor Bahru Malaysia",http://www.facebook.com/pizza.pasta.burger.salad,$$ - $$$,$$ - $$$BarPizzaDiner,6075857114,
The Food Store,4.5 ,"No. 12 Jalan Ngee Heng Double Tree Hilton Hotel, Johor Bahru 80000 Malaysia",http://doubletree3.hilton.com/en/hotels/malaysia/doubletree-by-hilton-hotel-johor-bahru-JHBDTDI/index.html,$$ - $$$,$$ - $$$AmericanCafeAsian,+60 7-268 6868,Vegan Options
Restaurant Ya Wang,4.0 ,"No. 28 Jalan Segget, Johor Bahru 80000 Malaysia",http://www.facebook.com/pages/%E9%B8%AD%E7%9A%87%E8%8D%AF%E6%9D%90%E7%83%A7%E8%85%8A%E5%A4%A7%E7%8E%8B-Restaurant-Ya-Wang-JB/307375362611534,$$ - $$$,$$ - $$$ChineseAsianCantonese,+60 7-224 8624,"Lunch, Brunch"
Grill Bar,4.0 ,"No. 202 Jalan Sri Pelangi Taman Pelangi, Johor Bahru 80400 Malaysia",http://www.facebook.com/grillbarsteak,$$ - $$$,$$ - $$$AmericanSteakhouse,+60 7-333 3400,"Lunch, Dinner, After-hours"
W.W. Laksa House,4.0 ,"36A Jalan a Taman Water Works, Johor Bahru 80100 Malaysia",,$,$AsianMalaysian,,"Breakfast, Lunch, Brunch"
Yi Jia Seafood Restaurant (Bukit Indah),4.0 ,"No. 21-23 Jalan Indah 25/1 Nusajaya, Johor Bahru 81200 Malaysia",http://www.yijiaseafood.com/,$$ - $$$,$$ - $$$Chinese,+60 7-232 7137,Chinese
Restoran Hua Mui,3.5 ,"131 Jalan Dhoby, Johor Bahru 80000 Malaysia",http://www.huamui.com/,$$ - $$$,$$ - $$$ChineseCafeAsian,6072247364,Halal
Meng Meng Roasted Duck,4.0 ,"82 Jln Sutera Tanjung 8/4, Johor Bahru Malaysia",,$$ - $$$,$$ - $$$ChineseAsianMalaysian,+60 7-276 9822,"Lunch, Dinner"
SkyBar Bar & Restaurant,4.0 ,"Persiaran Puteri Selatan, Puteri Harbour Block 3, Level 4, Hotel Jen Puteri Harbour, Johor Bahru 79000 Malaysia",http://www.hoteljen.com/johor/puteriharbour/taste/bars/skybar-restaurant/,$$ - $$$,$$ - $$$Bar,+60 7-560 8918,"Dinner, After-hours, Drinks"
The Grand Gem - Johor Bahru,4.0 ,"Jalan Bukit Meldrum 9R, Jalan Bukit Meldrum, Johor Bahru 80300 Malaysia",,$$ - $$$,$$ - $$$IndianAsianFusion,+60 7-221 0717,"Indian, Asian, Fusion"
Nijyumaru Japanese Restaurant,4.0 ,"24 Jalan Permas 10/5 Bandar Bahru Permas Jaya, Johor Bahru 81750 Malaysia",http://www.facebook.com/Nijyumaru-Japanese-Restaurant-180096788681935/,$$ - $$$,$$ - $$$JapaneseVegetarian Friendly,6075589818,Vegetarian Friendly
Tepian Tebrau,4.0 ,"Jalan a Selat Johor Area, Johor Bahru 80000 Malaysia",,$,$SeafoodAsianMalaysian,,Halal
Restoran Kin Hua,4.0 ,"Jalan Tan Hiok Nee, Johor Bahru 80000 Malaysia",,$,$ChineseAsianMalaysian,,"Breakfast, Lunch, Brunch"
The Ice-Cream Project,4.0 ,"31 Jalan Dhoby, Johor Bahru 80000 Malaysia",http://www.facebook.com/tipdonttilt,$$ - $$$,$$ - $$$Dessert,+60 7-207 2021,Drinks
IT Roo Cafe,3.5 ,"Jalan Dhoby, Johor Bahru 80000 Malaysia",http://www.facebook.com/pages/IT-Roo-Cafe/110448715692248,$$ - $$$,$$ - $$$CafeAsianMalaysian,+60 7-222 7780,Halal
Sushi Zento Mount Austin,4.5 ,"1 Jalan Mutiara Austin, Johor Bahru 81100 Malaysia",http://www.edoichigroup.com/,$$ - $$$,$$ - $$$JapaneseSushiAsian,+60 7-363 0061,"Lunch, Dinner, Brunch"
Restoran Pekin,4.0 ,"No. 38 Jalan Baldu 5, Johor Bahru 80150 Malaysia",http://www.pekin.com.my/,$$ - $$$,$$ - $$$ChineseSeafoodAsian,607-333 2928,"Lunch, Dinner"
K Fry Urban Korean Holiday Villa Johor Bahru,4.0 ,"260, Jalan Dato Sulaiman, Taman Abad, Johor Bahru 80250 Malaysia",http://kfry.my/,$$ - $$$,$$ - $$$AsianKorean,+60 7-266 0902,"Lunch, Dinner, Drinks"
Sweetwater Restaurant,4.0 ,"116 Jalan Serampang Taman Pelangi, Johor Bahru Malaysia",http://www.facebook.com/Sweetwater-Restaurant-Johor-Bahru-202972699750043,$$$$,$$$$MediterraneanEuropeanSpanish,+60 7-331 4349,"Lunch, Dinner"
Niniq Javanese Cuisine,4.0 ,"19 & 21 Jalan Molek 3/10 Taman Molek, Johor Bahru 81100 Malaysia",http://www.niniq.com/javanese,$$ - $$$,$$ - $$$BakeriesHalal,+60 7-352 4800,Halal
Spice Villa,4.5 ,"No. 260 Jalan Dato At Holiday Villa, Johor Bahru 80350 Malaysia",http://www.facebook.com/spicevillajohor,$$ - $$$,$$ - $$$IndianSouthwesternCafe,+60 11-1174 0786,"Indian, Southwestern, Cafe, Asian"
New Zealand Unlimited Restaurant at Puteri Harbour,4.0 ,"Lot LG10 Puteri Harbour Persiaran Puteri Selatan, Johor Bahru 79000 Malaysia",http://newzealand-unlimited-restaurants.com/,$$ - $$$,$$ - $$$SeafoodGastropubNew Zealand,+60 7-595 0768,"Seafood, Gastropub, New Zealand"
Canton-i,3.5 ,"Lot No. J3-05, Level 3, City Square, 106-108 Jalan Wong Ah Fook, Johor Bahru Malaysia",http://www.canton-i.com/,$$ - $$$,$$ - $$$ChineseAsianCantonese,+60 7-222 6888,"Lunch, Dinner, Brunch"
Warakuya Japanese Restaurant,4.0 ,"No. 43 Jalan Kuning 2, Johor Bahru 80400 Malaysia",http://www.facebook.com/Warakuya-Japanese-Restaurant-Johor-Bahru-201231549891803,$$ - $$$,$$ - $$$JapaneseSushiAsian,+60 7-332 0789,"Lunch, Dinner"
Olive at the Bay,4.5 ,"No 12 Jalan Camar 1/1 Taman Perling, Johor Bahru 81200 Malaysia",http://www.facebook.com/olivethebay,$$ - $$$,$$ - $$$IndianBarEuropean,+60 7-244 8775,"Vegetarian Friendly, Vegan Options"
Dragon-I,4.0 ,"106-108 Jalan Wong Ah Fook Lot No. J3-36, Level 3, Johor Bahru 80000 Malaysia",,$$ - $$$,$$ - $$$ChineseAsianShanghai,+60 7-222 1288,"Lunch, Dinner"
Flowers in the Window,4.0 ,"9 Jalan Dhoby, Johor Bahru 80000 Malaysia",http://www.flowersinthewindow.com/,$$ - $$$,$$ - $$$CafeVegetarian FriendlyVegan Options,+60 7-222 7489,"Vegetarian Friendly, Vegan Options"
ROWAN & PARSLEY food atelier,4.0 ,"No. 17 Jalan Cenderai 20 Kawasan Perindustrial Kota Putri, Johor Bahru 81750 Malaysia",http://www.rowanparsley.com/,$$ - $$$,$$ - $$$InternationalEuropean,+60 7-382 1760,"Lunch, Dinner, Brunch"
Peking Restaurant,4.0 ,"No. 1 Jalan Masai Taman Johor Jaya, Johor Bahru 81100 Malaysia",http://www.pekin.com.my/contact.html,$$ - $$$,$$ - $$$ChineseAsianCantonese,+60 7-356 0739,"Asian, Chinese"
Restoran ZZ Sup Tulang,4.0 ,"JKR Daerah Jalan Petri, Johor Bahru 80000 Malaysia",http://www.facebook.com/pages/Restoran-ZZ-Sup-Tulang,$$ - $$$,$$ - $$$AsianMalaysianHalal,+60 12-722 7209,Halal
You Kee XO,4.0 ,"No 83 Jalan Dedap 7, Johor Bahru 81100 Malaysia",,$$ - $$$,$$ - $$$ChineseAsianCantonese,+60 7-355 5037,"Lunch, Dinner, Brunch"
Restoran Chua Kee,4.0 ,"67 Jalan Kacang Panjang, Johor Bahru 81550 Malaysia",,$$ - $$$,$$ - $$$ChineseSeafoodAsian,+60 7-510 3198,"Dinner, Lunch"
DC Comics Super Heroes,4.0 ,"Persiaran Puteri Selatan Little Red Cube, Nusajaya Johor Lot 14B & 15B, Ground Floor, Little Red Cube, Johor Bahru 79000 Malaysia",http://www.facebook.com/DC-Comics-Super-Heroes-Caf%C3%A9-Puteri-Harbour-266984840324445,$$ - $$$,$$ - $$$AmericanPizzaCafe,+60 7-553 9366,Halal
Qing Palace Chinese Restaurant,4.0 ,"20km, Jalan Pontian Lama Skudai, Johor Bahru 81110 Malaysia",http://www.pulaisprings.com/,$$ - $$$,$$ - $$$ChineseAsianVegetarian Friendly,+60 7-521 2121,"Chinese, Asian"
Nimmies Pastry Cafe ,4.5 ,"171 Jln beringin Tmn melodies, Johor Bahru 80250 Malaysia",https://www.facebook.com/nimmies.cafejb/,$$ - $$$,$$ - $$$CafeFusionMalaysian,+60 11-2078 1564,"Breakfast, Lunch, Dinner, Brunch, After-hours, Drinks"
The Bierhaus@Taman Sentosa JB,4.0 ,"299 Jalan Sutera Taman Sentosa, Johor Bahru 80150 Malaysia",http://boemiacafeporto.eatbu.com/?lang=en#map,$$ - $$$,$$ - $$$GermanBarEuropean,+60 7-333 3723,"Dinner, Lunch"
Bornga Korean Bbq Restaurant,4.0 ,"106-108 Jalan Wong Ah Fook Level 3, City Square, Johor Bahru 80000 Malaysia",http://www.bornga.co.kr/,$$ - $$$,$$ - $$$BarbecueAsianKorean,607-2072334,"Lunch, Dinner"
Restoran Absolute Thai,4.0 ,"Medini Mall, Johor Bahru Malaysia",http://www.absolutethai.com.my/,$$ - $$$,$$ - $$$AsianThaiVegetarian Friendly,6075909221,"Vegetarian Friendly, Vegan Options"
24 Festive Drums Cafe,4.0 ,"39 Jalan Ibrahim, Johor Bahru 80000 Malaysia",http://www.facebook.com/24FestiveDrumsCafe,$$ - $$$,$$ - $$$ChineseCafeAsian,+60 7-220 0955,Vegetarian Friendly
Matterhon Bistro,4.5 ,"Johor Jaya, Jb 3 Jalan Rosmerah 4/14 Taman Johor Jaya, Johor Bahru 81100 Malaysia",http://www.facebook.com/Matterhonbistro/,$$ - $$$,$$ - $$$Steakhouse,+60 7-352 2288,Steakhouse
Harbour Cafe,4.0 ,"Persiaran Puteri Selatan Hotel Jen Puteri Harbour, Johor Bahru 79000 Malaysia",http://www.hoteljen.com/johor/puteriharbour/taste/restaurants/harbour-cafe/,$$ - $$$,$$ - $$$AsianMalaysian,+60 7-560 8900,"Breakfast, Lunch, Dinner, After-hours, Drinks"
Bricks Family Restaurant,4.0 ,"7 Iskandar Puteri, Johor Bahru 79250 Malaysia",http://www.legoland.com.my/legoland-hotel/after-dark-buffet/,$$ - $$$,$$ - $$$Vegetarian FriendlyVegan Options,+60 7-560 3808,"Breakfast, Lunch, After-hours, Drinks"
"Just Want Coffee, The Factory",4.0 ,"Jalan Mutiara Emas 5/3 Mount Austin No 30, Johor Bahru 81100 Malaysia",http://justwantcoffee.com/jwc/,$$ - $$$,$$ - $$$Cafe,+60 7-350 7739,"Breakfast, Brunch, Lunch"
Village Briyani Cafe,4.0 ,"15 Susur 1/1 Jalan Tun Abdul Razak, Johor Bahru Malaysia",http://www.facebook.com/Village-Briyani-Cafe-291819940832925,$$ - $$$,$$ - $$$IndianVegetarian FriendlyHalal,+60 7-222 0360,"Vegetarian Friendly, Halal"
Meisan,4.0 ,"Jalan Dato E of Town Centre, Johor Bahru 80350 Malaysia",,$$ - $$$,$$ - $$$ChineseAsianCantonese,+60 7-332 3800,Vegetarian Friendly
Giovanni's Ny Style Restaurant,5.0 ,"169 Jalan Rawa, Taman Perling, Johor Bahru 81200 Malaysia",http://facebook.com/giovannis.malaysia,Italian,ItalianAmericanPizzaFast food,+60 7-217 9533,"Lunch, Dinner, After-hours"
Moonlight Cake House Bukit Indah,3.5 ,"No. 1 Jalan Indah 16/12, Johor Bahru 81200 Malaysia",http://www.moonlightcake.com/,$$ - $$$,$$ - $$$Cafe,6072329922,Cafe
Oasis,4.0 ,"Jalan Sungai Chat ., Johor Bahru 80100 Malaysia",http://www.thistle.com/en/hotels/malaysia/johor_bahru/thistle_johor_bahru/restaurants_and_bars/oasis.html,$$ - $$$,$$ - $$$ItalianJapaneseFusion,6072229234,"Vegetarian Friendly, Halal, Gluten Free Options"
Cedar Point Food Centre,4.0 ,"2-16 Jalan Musang Bulan Taman Century, Johor Bahru 80250 Malaysia",http://www.facebook.com/uchicoffee/,$,$ChineseAsianMalaysian,+60 19-711 4309,"Breakfast, Dinner"
Goldy Punjabi Restaurant ,5.0 ,"87D, Jalan Trus, Johor Bahru 80000 Malaysia",,$,$Indian,+60 16-795 0798,"Breakfast, Lunch, Dinner, Brunch, Drinks"
Kinsahi Japanese Restaurant,4.0 ,"KSL City Lot LG-01, Johor Bahru Malaysia",,$$ - $$$,$$ - $$$JapaneseSushiAsian,,Vegetarian Friendly
Restoran Woon Kiang,4.0 ,"1 Jalan Pandan Taman Stulang, Johor Bahru 80300 Malaysia",,$,$ChineseAsianMalaysian,+60 19-636 6692,"Lunch, Dinner"
Din Tai Fung at Johor Bahru City Square,4.0 ,"Jalan Wong Ah Fook Lot J2-06, 07, 08, 09, Level 2, Johor Bahru 80000 Malaysia",http://dintaifung.oddle.me/en_MY,$$ - $$$,$$ - $$$ChineseAsianTaiwanese,+60 7-207 0069,"Lunch, Brunch, Dinner"
Restoran Uncle Pou Wok,4.0 ,"No. 46 Jalan Indah 28/1 Taman Bukit Indah 2, Johor Bahru 81200 Malaysia",http://www.facebook.com/Restoran-Uncle-Pou-Wok-1524169514467676/,$$ - $$$,$$ - $$$ChineseAsianMalaysian,+60 7-244 5012,"Chinese, Asian, Malaysian"
Jang Won Res Korea BBQ,4.5 ,"K3-211, 2nd Floor, Block C, Kompleks Perniagaan Stulang Laut, Johor Bahru 80300 Malaysia",http://www.facebook.com/pages/Jang-Won-Korean-Restaurant/112068578870266,$$ - $$$,$$ - $$$BarbecueAsianKorean,+60 7-226 6820,"Lunch, Dinner"
Daorae JB,4.0 ,"79 Jalan Indah 15/2, Johor Bahru 81200 Malaysia",http://www.mydaorae.com/,$$ - $$$,$$ - $$$SeafoodBarbecueAsian,+60 12-639 8303,"Barbecue, Asian, Korean, Seafood"
Cafe Racer by Grillbar,4.5 ,"72 Jalan Pingai Taman Pelangi, Johor Bahru 80400 Malaysia",https://www.facebook.com/caferacerbygrillbar,$$ - $$$,$$ - $$$AmericanCafeHalal,+60 7-335 0000,Halal
Ah Koong Restaurant,3.5 ,"No. 266 Jalan Sutera Taman Sentosa, Johor Bahru 80150 Malaysia",http://www.ahkoong.com/,$$ - $$$,$$ - $$$SeafoodSoups,+60 7-331 3621,"Seafood, Soups"
Puteri Cafe Restaurant,4.0 ,"Jalan Abdullah Gr. Fl. The Puteri Pacific JB Hotel, Johor Bahru 80300 Malaysia",,$$ - $$$,$$ - $$$ChineseAmericanIndian,+60 7-219 9999,Halal
Arabian Nights,4.0 ,"1.02 Ground Floor Jalan Kuning Taman Pelangi, Johor Bahru 80400 Malaysia",,$$ - $$$,$$ - $$$IndianMediterraneanMiddle Eastern,+60 11-2755 1304,"Halal, Vegetarian Friendly, Vegan Options"
Mee Rebus Haji Wahid,4.0 ,"Jalan Angsana, Johor Bahru 80250 Malaysia",,$,$AsianMalaysianHalal,,Halal
Sedap Corner,3.5 ,"11 Jalan Abdul Samad, Johor Bahru 80100 Malaysia",,$$ - $$$,$$ - $$$AsianMalaysianHalal,+60 7-224 6566,Halal
Lavender,3.5 ,"64 Jalan Serampang Taman Pelangi, Johor Bahru 80400 Malaysia",http://www.lavender.com.my/,$$ - $$$,$$ - $$$BakeriesItalianFrench,+60 7-335 9966,"Italian, French, Japanese, Asian, British"
The Toast,4.0 ,"19 Jalan Austin Height 3 81100, Johor Bahru 81100 Malaysia",,$,$CafeAsianMalaysian,,"Breakfast, Lunch"
Infusion,3.5 ,"33 Jalan Seladang Taman Abad, Johor Bahru 80250 Malaysia",,$$ - $$$,$$ - $$$ItalianChineseAsian,+60 7-288 2666,"Asian, Italian, Chinese, Malaysian"
Grand Straits Garden Seafood Restaurants,4.0 ,"No. 3 Jalan Persiaran Danga, Johor Bahru 81200 Malaysia",http://www.grandstraitsgarden.com/,$$ - $$$,$$ - $$$ChineseSeafoodAsian,+60 7-238 8118,"Lunch, Dinner, After-hours"
Basilico,4.5 ,"17 Jalan Mutiara Austin 8/1 Taman Mount Austin, Johor Bahru 81100 Malaysia",,$$ - $$$,$$ - $$$ItalianPizzaEuropean,+60 7-363 4902,"Italian, Pizza, European, Fusion"
Bev C'afe,4.0 ,"54 Jalan Tan Hiok Nee, Johor Bahru 80000 Malaysia",,$$ - $$$,$$ - $$$DessertCafeFusion,+60 16-725 3530,"Drinks, Breakfast, Lunch, Brunch"
Vburg,4.5 ,"74 Jalan Laksamana 2 Taman Ungku Tun Aminah, Skudai, Johor Bahru 81300 Malaysia",,$$ - $$$,$$ - $$$CafeVegetarian FriendlyVegan Options,+60 7-288 7118,Cafe
Faculty of Caffeine,3.5 ,"106 Jalan Trus, Johor Bahru 80000 Malaysia",,$$ - $$$,$$ - $$$Cafe,+60 12-547 7885,"Brunch, Breakfast, Lunch"
Ume Floral & Cafe,5.0 ,"22G, Jalan Kolam Air 2 Nong Chik Riverside Commercial, Johor Bahru 81750 Malaysia",,Dessert,DessertItalianCafeInternational,+60 12-700 7830,Reservations
RBar,4.5 ,"No. 2 Jalan Permas 11 Bandar Baru Permas Jaya, Johor Bahru 81750 Malaysia",http://www.marriott.com/hotels/hotel-information/restaurant/jhbbr-renaissance-johor-bahru-hotel/,$$ - $$$,$$ - $$$BarInternationalAsian,+60 7-381 3322,"Bar, International, Asian, Wine Bar"
Vivo American Pizza & Panini,4.0 ,"G21,Taman Desa Tebrau Ground Floor, Aeon Tebrau City Shopping Centre, Johor Bahru 81100 Malaysia",http://www.vivopizza.com/,$$ - $$$,$$ - $$$American,+60 16-213 7200,"Lunch, Dinner, Brunch"
Rosmarino Italian Restaurant,4.0 ,"65 Jalan Kuning 2 Taman Pelangi, Johor Bahru 80400 Malaysia",http://www.facebook.com/RosmarinoAuthenticItalianRestaurant/,$$ - $$$,$$ - $$$ItalianEuropeanVegetarian Friendly,+60 7-333 9033,Vegetarian Friendly
Roost Juice Bar,4.0 ,"9 Jalan Dhoby, Johor Bahru 80000 Malaysia",,$$ - $$$,$$ - $$$DessertCafeAsian,,"Breakfast, Dinner"
Kai Xuan Chinese Restaurant,4.0 ,"Jalan Abdullah The Putri Pacific Johor Bahru, Johor Bahru 80300 Malaysia",,$$ - $$$,$$ - $$$ChineseAsianCantonese,,Halal
D'Shanghai Dim Sum Restaurant,3.5 ,"No. 1 Jalan Sutera Tanjung 8/4, Taman Sutera Utama Jalan Sutera, Johor Bahru 80150 Malaysia",,$$ - $$$,$$ - $$$ChineseAsianCantonese,+60 7-382 3102,"Lunch, Breakfast, Dinner, Brunch"
Kfc,4.0 ,"Jalan Dato Sulaiman, Johor Bahru 80350 Malaysia",,$,$Quick BitesAmericanFast food,,"Lunch, Dinner"
Tropique Cafe & Restaurant,4.0 ,"Jalan Ekoflora 1, Johor Bahru 81300 Malaysia",,$$ - $$$,$$ - $$$ItalianFrenchCafe,+60 12-547 7886,"Italian, French, Cafe, Asian, Malaysian"
Evergreen Restaurant,4.0 ,"Jalan Sutera Tanjung 8/4 Sutera Mall, L1-020, Johor Bahru 81300 Malaysia",,$$ - $$$,$$ - $$$ChineseAsianMalaysian,+60 7-558 9966,"Asian, Chinese, Malaysian"
Cookies & Ginger Restaurant,4.5 ,"107 Jalan Adda, 3/1, Taman Adda Heights, Johor Bahru 81100 Malaysia",,$$ - $$$,$$ - $$$Dessert,+60 10-543 3881,"Seating, Table Service"
The Courtyard Place At EcoPalladium,5.0 ,"01-40 Block B, Jalan Ekoflora 7/1 Ground Floor, Johor Bahru 81100 Malaysia",https://www.thecourtyardplacecafe.com/,$,$AmericanAsianSingaporean,+60 73504609,"Breakfast, Lunch, Dinner, Brunch"
Atlas Coffee Embassy,4.0 ,"No 32 Jalan Austin Heights 8/7 Taman Mount Austin, Johor Bahru 81100 Malaysia",http://www.atlascoffeemy.com/,$$ - $$$,$$ - $$$CafeVegetarian FriendlyVegan Options,+60 7-358 7546,"Vegan Options, Vegetarian Friendly"
My Liberica Coffee,4.0 ,"No. 73 Jalan Molek 3/10, Johor Bahru 81100 Malaysia",,$$ - $$$,$$ - $$$Cafe,+60 10-760 7792,"Breakfast, Lunch, Dinner"
Treasure Trove Nusa Bestari,5.0 ,"14, Jalan Bestari 3/2 Taman Nusa Bestari, Johor Bahru 81200 Malaysia",https://treasuretrove.com.my/,$,$ChineseSeafoodAsian,+60 11-6365 6200,"Chinese, Seafood, Asian, Malaysian"
Kisho Japanese Restaurant,4.5 ,"59 Jalan Perang, Johor Bahru 80400 Malaysia",http://www.kishojb.com/,$$$$,$$$$Japanese,+60 7-335 2312,Japanese
Kim Cheong Food Restaurant,4.5 ,"40 Jalan Ros Merah 2/11 Taman Johor Jaya, Johor Bahru 81100 Malaysia",http://www.facebook.com/kimcheongfood,$$ - $$$,$$ - $$$ChineseSeafoodAsian,+60 19-714 7996,"Lunch, Dinner"
Merah Kitchen & Bar,4.5 ,"80000 Johor Bahru, Johor, Malaysia 17 Jalan Ibrahim, Johor Bahru 80000 Malaysia",http://www.merah.com.my/,$,$JapaneseBarCafe,+60 11-5135 9434,"Japanese, Bar, Cafe, Asian, Korean, Pub, Malaysian"
Di Mattoni,4.0 ,"7 Jalan Legoland Bandar Medini Iskandar, Johor Bahru 79250 Malaysia",http://www.legoland.my/,$$ - $$$,$$ - $$$ItalianPizzaVegetarian Friendly,+60 7-560 3888,Vegetarian Friendly
Lazy Monday Kitchen,4.5 ,"Jalan Dato Abdullah Tahir, Taman Abad, Johor Bahru 80300 Malaysia",https://www.facebook.com/lazymondaykitchen/,$$ - $$$,$$ - $$$AmericanSouthwesternAsian,+60 14-279 9688,"American, Southwestern, Asian, Thai, Indonesian, Malaysian"
Dragon-i Restaurant Komtar JBCC,4.0 ,"Lot 211 Floor 212, & 213 Second Komtar JBCC, Johor Bahru 80000 Malaysia",http://www.dragon-i.com.my/,$$ - $$$,$$ - $$$ChineseAsianCantonese,+60 17-405 7073,"Chinese, Asian"
Chaiwalla Cafe,3.5 ,"Lot 2810 Jalan Tan Hiok Nee, Johor Bahru 80000 Malaysia",http://www.facebook.com/chaiwalla.co,$$ - $$$,$$ - $$$Quick BitesCafeAsian,+60 12-735 3572,"Lunch, Dinner"
bloom by Mokmok,4.5 ,"87, Jalan Mutiara Emas 2A Taman Mount Austin, Johor Bahru 81100 Malaysia",http://www.facebook.com/bloomjb/,$$ - $$$,$$ - $$$JapaneseCafeContemporary,+60 19-771 0068,"Japanese, Cafe, Contemporary, Fusion"
Restaurant Wadi Hana Elarabi,4.5 ,"No 1 Jalan Pembangunan Taman Desa Rahmat, Johor Bahru 81200 Malaysia",,$$ - $$$,$$ - $$$MediterraneanBarbecueMiddle Eastern,+60 17-737 7352,"Middle Eastern, Egyptian, Arabic, Mediterranean, Barbecue"
Carabao Thai Restaurant,4.0 ,"69 Jalan Ibrahim Sultan Taman Stulang Laut, Johor Bahru 80300 Malaysia",,$,$AsianThaiVegetarian Friendly,+60 7-227 7222,"Asian, Thai"
Doi Chaang Caffe @ Holiday Villa,4.0 ,"G-11 Jalan Kebun Teh Johor Bahru 260, Jalan Dato' Sulaiman, Taman Abad, Johor Bahru 80250 Malaysia",http://www.facebook.com/dcholidayvilla,$$ - $$$,$$ - $$$Cafe,+60 7-266 0966,"Breakfast, Lunch, Dinner"
Al Mizan Satay House,4.5 ,"1 Jalan Kenangan, Kg. Malayu Majidee, Johor Gps: 1.520143,103.759448, Johor Bahru Malaysia",http://almizansatayhouse.com/,$,$ChineseSeafoodAsian,+60 19-710 0471,Halal
Salahuddin Bakery,4.0 ,"26 Jalan Dhoby, Johor Bahru 80000 Malaysia",http://salahuddin-bakery.business.site/,$,$BakeriesMalaysianVegetarian Friendly,+60 7-227 3736,"Vegetarian Friendly, Halal"
Rock Bottom Johor,4.0 ,"Lot LG-13, Lower Ground Floor Puteri Harbour, Johor Bahru 79000 Malaysia",https://www.facebook.com/rockbottomkitchenbarJohor/,$$ - $$$,$$ - $$$EuropeanAsianMalaysian,+60 14-623 1726,"European, Asian, Malaysian"
Kedai Makanan Hook Sang,4.0 ,"Jalan Indah 16/8 Bukit Indah, Johor Bahru 81200 Malaysia",,$$ - $$$,$$ - $$$ChineseMalaysian,6072350667,"Dinner, Lunch"
UFB - Union Fashion Bar Garden,4.5 ,"Jalan Kuning 2 Plaza Mentari, Johor Bahru 80400 Malaysia",,Asian,Asian,+60 14-800 9981,"Lunch, Dinner, Brunch, After-hours, Drinks"
Pan Kobo Cafe,4.5 ,"5, JALAN HIJAUAN 3, Horizon Hills, Nusajaya, Johor Bahru 79100 Malaysia",http://www.pankobocafe.com/,$$ - $$$,$$ - $$$JapaneseCafeEuropean,+60 7-553 9618,"Breakfast, Lunch, Brunch"
Selera Senibong Seafood,3.5 ,"1 Jalan Persiaran Senibong, Johor Bahru 81750 Malaysia",,$$ - $$$,$$ - $$$SeafoodAsianMalaysian,+60 12-755 7327,Halal
Dontaku Japanese Restaurant,4.0 ,"MF-19, Level 3, City Square, Jalan Wong Ah Fook, Johor Bahru 80000 Malaysia",,$$ - $$$,$$ - $$$JapaneseAsian,6072781328,"Lunch, Dinner, Brunch"
Geylang Lor 9 Fresh Frog Porridge,4.5 ,"No. 12 Jalan Serigala Century Garden, Taman Abad, Johor Bahru 80250 Malaysia",http://geylanglor9.com/,$$ - $$$,$$ - $$$ChineseAsian,607 330 1233,Dinner
Harvests Bar & Grill,4.0 ,"1, Jalan Persiaran Senibong, Senibong cove, Johor Bahru 81750 Malaysia",http://www.harvests.bar/,$$ - $$$,$$ - $$$ItalianGermanBar,+60 16-763 8585,"Dinner, Lunch, After-hours, Drinks"
Old Town White Coffee,3.5 ,"Jalan Wong Ah Fook City Square, Johor Bahru Malaysia",,$$ - $$$,$$ - $$$CafeAsianMalaysian,,Halal
Axis Lounge at DoubleTree by Hilton Johor Bahru,4.0 ,"12 Jalan Ngee Heng Menara Landmark, Johor Bahru 80000 Malaysia",http://doubletree3.hilton.com/en/hotels/malaysia/doubletree-by-hilton-hotel-johor-bahru-JHBDTDI/index.html?WT.mc_id=zELWAKN0APAC1DT2DMH3LocalSearch4DGGenericx6JHBDTDI,$$ - $$$,$$ - $$$BritishContemporaryVegan Options,+60 7-268 6888,"British, Contemporary"
Restoran Star Hadramout,5.0 ,"No 3a jalan tebrau, kampung wadi hanna Kampung Wadi Hana, Johor Bahru 80300 Malaysia",https://www.facebook.com/restoranstarhadramout/,$$ - $$$,$$ - $$$Arabic,+60 18-274 0766,"Lunch, Dinner"
MacGregor's,4.0 ,"Jalan Trus #G-06, Zenith, No. 82C, Johor Bahru 80000 Malaysia",,$$ - $$$,$$ - $$$IrishBarPub,+60 7-213 2434,"Irish, Caucasian, Bar, Pub"
Lemon Tree Restaurant,4.0 ,"63, Jalan Eco Cascadia 6/1, Taman Setia Eco Cascadia, Johor Bahru 81100 Malaysia",,$$ - $$$,$$ - $$$PizzaInternationalAsian,+60 7-361 5965,"Lunch, Dinner, Brunch"
Doi Chaang Coffee Johor,4.0 ,"J4-20, Lv 4, Johor Bahru City Square Shopping Mall, 106-108, Jalan Wong Ah Fook, Johor Bahru 80000 Malaysia",http://www.facebook.com/doichaangjohor,$$ - $$$,$$ - $$$Cafe,+60 7-207 0126,"Breakfast, Lunch, Dinner, Brunch"
Majid Murtabak Special No 1,4.0 ,"Jalan Kurniawan, Johor Bahru 80250 Malaysia",,$,$AsianStreet FoodMalaysian,+60 12-756 3245,"Street Food, Asian, Malaysian"
Restaurant Loon Sing,3.5 ,"No 1 Jalan Simpang, Johor Bahru 81200 Malaysia",,$$ - $$$,$$ - $$$ChineseSeafoodAsian,+60 7-235 8933,"Breakfast, Lunch, Dinner"
Monsta Cafe,4.0 ,"1/5 Taman Nusa Bes 157 Jalan a, Johor Bahru 80000 Malaysia",http://www.facebook.com/monstacafe,$$ - $$$,$$ - $$$CafeAsian,+60 7-556 7128,"Breakfast, Lunch, Dinner"
J.Co Donut & Coffee City Square Johor Bahru,4.0 ,"106 Jalan Wong Ah Fook J1-07 & 08, Level 1, City Square, Johor Bahru 80000 Malaysia",http://www.jcodonuts.com.my/,$$ - $$$,$$ - $$$BakeriesCafe,,Breakfast
Senibong Bay Seafood,4.0 ,"Lot 120714, Kampung Senibong, Johor Bahru 81750 Malaysia",http://www.facebook.com/senibongbayseafood/,$,$ChineseSeafoodAsian,+60 19-710 1280,"Dinner, Lunch"
Kimdo BBQ,4.0 ,"Lot J3-19B Level 3 City Square 106-108 Jalan Wong Ah Fook, Johor Bahru 80000 Malaysia",http://www.kimdobbq.com/,$,$BarbecueAsianMalaysian,+60 12-759 8838,Halal
Seri Mutiara,4.0 ,"Mutiara Hotel Johor Bahru Jalan Dato Sulaiman, Johor Bahru 80300 Malaysia",,$$ - $$$,$$ - $$$AsianMalaysianHalal,,Halal
Sweet Blossom Coffee Roasters,4.5 ,"28 Jalan Maju, Johor Bahru 80400 Malaysia",,$$ - $$$,$$ - $$$Cafe,+60 16-235 1393,"Breakfast, Lunch, Dinner, After-hours, Drinks"
Restaurant Chang Man,3.5 ,"24G Jalan Bestari 5/2 Tmn Nusa Bestari 81300 Bandar Nusajaya. Johor Bahru. Johor Malaysia, Johor Bahru 81300 Malaysia",,$$ - $$$,$$ - $$$ChineseAsian,+60 16-765 1190,"Chinese, Asian"
Korean House Restaurant,4.0 ,"No. 4 Jalan Dapat, Johor Bahru 80100 Malaysia",,$$ - $$$,$$ - $$$AsianKorean,+60 7-207 1772,"Lunch, Dinner"
Café Para Para,4.0 ,"18, Jalan Harimau, Taman Century Ground Floor, Grand Paragon Hotel, Johor Bahru 80250 Malaysia",http://www.grandparagonhotel.com.my/v4/outlet/cafe_para2/,$$ - $$$,$$ - $$$CafeAsianMalaysian,+60 7-268 5252,Halal
Anmour Cafe Mount Austin Johor Bahru,4.0 ,"Jalan Mount Austin 2/32, Johor Bahru 81100 Malaysia",,$$ - $$$,$$ - $$$,+60 7-350 0897,"Seating, Reservations, Table Service"
Seven Oaks Bakery Cafe,3.5 ,"134 Jalan Serampang Near Leisure Mall, Johor Bahru 81100 Malaysia",,$$ - $$$,$$ - $$$ItalianFrenchMexican,+60 7-338 3377,"Italian, French, Mexican, American, Mediterranean"
Delicious 8 Seafood Restaurant,4.5 ,"6 Persiaran Senibong Senibong Cove Marina, Johor Bahru 81750 Malaysia",,Seafood,Seafood,6073822629,"Lunch, Dinner"
Dragon-I,3.5 ,"No. 8 Jalan Indah 15/2 Lot G13A Ground Floor, AEON Bukit Indah Shopping Centre, Johor Bahru 81200 Malaysia",,$$ - $$$,$$ - $$$ChineseAsian,+60 7-236 8988,"Lunch, Dinner"
Trilo Bites Cafe,4.5 ,"G-09, Jalan Permas 10, Block 1 Permas Sentral, Johor Bahru 81750 Malaysia",,$$ - $$$,$$ - $$$SouthwesternCafeEuropean,+60 12-711 7725,"Southwestern, Cafe, European"
AnMour Cafe Concept,4.0 ,"No 34 Jalan Sutera Tanjung 8/3 Taman Sutera Utama, Johor Bahru 81300 Malaysia",,$$ - $$$,$$ - $$$Cafe,+60 7-556 3420,"Lunch, Dinner"
Toast & Coffee,4.0 ,"No. 64 & 65 Jalan Tan Hiok Nee, Johor Bahru 80000 Malaysia",,$,$AsianMalaysian,+60 16-778 0671,"Breakfast, Lunch"
Mrs. Whó,4.5 ,"63 Jalan Storey Kim Teng Park, Johor Bahru 80300 Malaysia",,Asian,AsianFusion,+60 12-774 6349,"Lunch, Dinner, Brunch"
Pasar Malam,3.5 ,"Jalan Wong Ah Fook Town Centre, Johor Bahru Malaysia",,$,$Asian,,Takeout
Cupchai Cafe & Resto,4.5 ,"23 Jalan Padi Emas 1/4, Uda Business Centre, Johor Bahru 81200 Malaysia",,$$ - $$$,$$ - $$$AsianMalaysian,+60 7-244 6165,"Breakfast, Lunch, Dinner"
Ming Ang Confectionery,4.0 ,"7 Jalan Indah 15/3 Taman Bukit Indah, Johor Bahru 81200 Malaysia",,$,$ChineseAsianHalal,+60 7-234 9388,Halal
The Tribus,4.0 ,"28 Jalan Impian Emas 7 Taman Impian Emas, Johor Bahru 81300 Malaysia",,$$ - $$$,$$ - $$$ItalianMexicanBar,+60 7-562 7492,"Bar, Italian, Mexican, Grill, Malaysian"
MaZry Vietnamese Cuisine,5.0 ,"10G, Jalan Permas 11/1c, Bandar Baru Permas Jaya, 81750 Masai, Johor, Johor Bahru 81750 Malaysia",,$,$AsianVietnameseMalaysian,+60 18-292 2611,"Asian, Vietnamese, Malaysian"
Ong Shun Seafood Restaurant,3.5 ,"67 Jalan Abdul Samad, Johor Bahru Malaysia",,$$ - $$$,$$ - $$$ChineseSeafoodAsian,+60 7-223 8953,Halal
Mee Rebus Haji Wahid(Malay hawker upstairs),4.0 ,"Jalan Larkin By Pass, Johor Bahru 80200 Malaysia",,$,$AsianMalaysianHalal,,"Asian, Malaysian"
Anjung Senibong Seafood,3.5 ,"4 Pesisir Pantai Senibong 81750, Masai, Johor Bahru 80900 Malaysia",,$$ - $$$,$$ - $$$SeafoodAsianMalaysian,+60 13-784 9476,Halal
SEASON,4.0 ,"Jalan Seladang LG 29-31 KSL City Taman Abad, Johor Bahru 80250 Malaysia",,$$ - $$$,$$ - $$$Cafe,+60 7-331 3645,"Takeout, Wheelchair Accessible"
Amphawa Boat Noodle,4.0 ,"No. 32 Jalan Tan Hiok Nee, Johor Bahru 80000 Malaysia",,$$ - $$$,$$ - $$$AsianThai,+60 7-220 0060,"Dinner, Lunch, Brunch"
Tai Son Seafood Restaurant - The Zon,3.5 ,"C3 Fun Zon, Jalan Ibrahim Sultan Ferry Terminal, Johor Bahru Malaysia",,$$ - $$$,$$ - $$$ChineseSeafoodAsian,+60 7-221 9988,Vegetarian Friendly
Yaoki Japanese Restaurant,4.0 ,"67A Jalan Perang, Johor Bahru 80400 Malaysia",,$$ - $$$,$$ - $$$JapaneseSushiAsian,,"Lunch, Dinner"
Arashi Shabu-Shabu,4.0 ,"No 1 Jalan Desa Tebrau Lot S113, 2nd Floor, Aeon Tebrau City Shopping Centre, Johor Bahru 81100 Malaysia",http://arashi.my/,Asian,Asian,607- 358 208,"Lunch, Dinner"
L.Table,4.5 ,"64 Jalan Serampang Taman Pelangi, Johor Bahru 80050 Malaysia",https://www.lavender.com.my/l-table,Asian,AsianMalaysian,+60 7-335 9966,Reservations
New Lucky Sea Foods Restaurant,3.5 ,"No. 1 Jalan Keris, Johor Bahru 80050 Malaysia",,$$ - $$$,$$ - $$$ChineseSeafoodAsian,+60 7-333 7519,"Lunch, Dinner"
Tasixi Restaurant,3.5 ,"147 Jalan Simbang, Johor Bahru 81200 Malaysia",,$$ - $$$,$$ - $$$ChineseAsianCantonese,+60 16-778 9933,"Lunch, Brunch, Breakfast"
Fifty Trees,4.0 ,"53, Jalan Beringin, Taman Melodies, Johor Bahru 80250 Malaysia",http://web.facebook.com/fiftytrees53/,$,$ChineseCafeAsian,+60 16-757 5925,"Asian, Fusion, Malaysian, Chinese, Cafe"
Pisang Mawar,4.5 ,"No.888, Jalan Sungai Chat Sri Gelam, Johor Bahru 80100 Malaysia",,$$ - $$$,$$ - $$$AsianMalaysianHalal,+60 19-754 9595,Halal
J.C. Cafe,4.5 ,"39 Jalan Serampang Taman Sri Tebrau, Johor Bahru 80050 Malaysia",http://www.facebook.com/jccafe52,$,$DinerEastern European,+60 11-2771 1955,"Diner, Eastern European"
Friendscino Pelangi Johor Bahru,4.0 ,"55 Jalan Serampang Taman Sri Tebrau, Johor Bahru 80050 Malaysia",,$$ - $$$,$$ - $$$SouthwesternBarInternational,+60 13-359 0443,Dinner
Tea Garden Restaurant Sutera Utama,3.5 ,"53 Jalan Sutera Tanjung 8/2, Johor Bahru 81300 Malaysia",,$$ - $$$,$$ - $$$AsianMalaysian,+60 7-221 2186,"Breakfast, Dinner, Lunch, Brunch"
Chimmy Chummy,4.0 ,"Jalan Kuning G9, Ground Floor, Plaza Mentari , Taman Pelangi, Johor Bahru 80400 Malaysia",http://www.facebook.com/VietnameseHalalfood/,$$ - $$$,$$ - $$$AsianVietnameseSoups,+60 14-338 3374,"Vietnamese, Latvian, Asian, Soups"
Bibik's Kitchen,5.0 ,"Ground Floor, Jo Hotel Johor Bahru, 15 Jalan Gereja, Johor Bahru 80100 Malaysia",,$,$AsianMalaysian,+60 7-288 8688,"Asian, Malaysian"
Pizza Hut,4.0 ,"Jalan Wong Ah Fook Bandar Johor Bahru, Johor Bahru 80000 Malaysia",http://www.pizzahut.com.my/,$$ - $$$,$$ - $$$ItalianPizzaFast food,+60 1-300-88-2525,Vegetarian Friendly
Ashoka Curry House,4.0 ,"Jalan Dapat 17-a, Johor Bahru 80100 Malaysia",,$$ - $$$,$$ - $$$IndianAsianMalaysian,+60 16-743 6795,"Vegetarian Friendly, Halal, Vegan Options"
Meng Meng Roasted Duck (CIty Sqaure),4.5 ,"106 Jalan Wong Ah Fook Lot MF21A-22, Level 3 Innercity, City Square, Johor Bahru 80000 Malaysia",,$$ - $$$,$$ - $$$ChineseSeafoodBarbecue,+60 17-757 8162,Reservations
The Brew Orchestra,4.0 ,"No. 19 Jalan Molek 1/5C, Johor Bahru 81100 Malaysia",https://www.facebook.com/thebreworchestra/,$$ - $$$,$$ - $$$DessertCafe,+60 18-216 0902,"Breakfast, Lunch, Dinner"
Eastern Dragon Restaurant,3.5 ,"No. 51 Jalan Serigala, Johor Bahru 80250 Malaysia",,$$ - $$$,$$ - $$$ChineseAsianCantonese,+60 7-331 9600,"Lunch, Dinner"
Monaco Dining Restaurant,4.5 ,"Persiaran Southkey 1,kota Southkey NO 02-09,block G,komersil Southkey Mozek, Johor Bahru 80150 Malaysia",,$$$$,$$$$EuropeanSpanishNorthern-Italian,+60 16-663 4007,"European, Spanish, Northern-Italian, Central-Italian, Southern-Italian"
Hanoi Cafe,4.5 ,"4 Jalan Sutera 2 Taman Sentosa, Johor Bahru 80150 Malaysia",,Vietnamese,Vietnamese,+60 7-334 2345,
Restoran Kak Kak Dim Sum,4.0 ,"No.9 Jalan Maju Taman Maju Jaya, Johor Bahru 80400 Malaysia",,$,$Chinese,,
Restoran Pekin,4.5 ,"No. 1, Jalan Masai Baru, Johor Bahru 81100 Malaysia",http://pekin.com.my/en/,Chinese,ChineseSeafoodAsianWine Bar,+60 7-356 0739,Reservations
Nur Tahara Nasi Arab & Nasi Beriani,4.5 ,"17 Jalan Setia Tropika 1/30 Taman Setia Tropika, Johor Bahru 81200 Malaysia",,$$ - $$$,$$ - $$$Middle EasternArabic,+60 7-244 3404,Reservations
DC Comics Super Heroes,4.0 ,"106-108 Jalan Wong Ah Fook Lot J2-05, Level 2, Johor Bahru City Square, Johor Bahru 80000 Malaysia",http://www.facebook.com/dcshmys/,$$ - $$$,$$ - $$$AsianFusion,+60 7-207 1422,"Fusion, Asian"
Kedai Bak Kut Teh Hin Hock,4.0 ,"74 Jalan Dato Toh Ah Boon, Johor Bahru 81200 Malaysia",http://www.facebook.com/hinhockbakkutteh,$$ - $$$,$$ - $$$ChineseAsianMalaysian,+60 12-316 9908,"Lunch, Dinner"
Hock Kee Restaurant,4.5 ,"#01-07, #01-08 Pangsapuri Dwi Galaksi, Jalan Dato Abdullah Tahir, Taman Abad, Johor Bahru 80300 Malaysia",,,,+60 7-382 3330,
Kedai Makanan Jadi Baru Botak,4.5 ,"145 Jalan Lumba Kuda, Johor Bahru 80300 Malaysia",,Chinese,ChineseSeafoodAsianMalaysian,+60 7-224 9225,Dinner
Black Canyon Coffee Jusco,4.0 ,"1 Jalan Desa Tebrau, Johor Bahru 81100 Malaysia",,$$ - $$$,$$ - $$$Asian,,Dinner
Bigfood,3.5 ,"Nong Chik Heights, Johor Bahru 80200 Malaysia",,$$ - $$$,$$ - $$$SouthwesternAsianMalaysian,+60 17-731 3386,Halal
Antipodean Johor Bahru,5.0 ,"The Mall MidValley Southkey G-072, Ground Level, Outside East Entrance, Johor Bahru 80150 Malaysia",,Italian,ItalianCafeInternationalNew Zealand,+60 7-332 0025,"Breakfast, Lunch, Dinner, Brunch, Drinks"
TANBA - Japanese BBQ,3.5 ,"31 Jalan 3 Taman Molek, Johor Bahru 81100 Malaysia",,$$ - $$$,$$ - $$$JapaneseBarbecueSushi,+60 7-361 0505,"Japanese, Barbecue, Sushi, Grill, Fusion"
Taj Banana Leaf,4.0 ,"127 Jalan Austin Heights 3 Taman Mount Austine, Johor Bahru 81100 Malaysia",http://www.tajbananaleaf.com/,$,$IndianAsianMalaysian,+60 17-788 9592,"Vegetarian Friendly, Vegan Options"
Restoran Sulam @ Restaurant Sulam,4.5 ,"51 Jalan Sulam Taman Sentosa, Johor Bahru 80150 Malaysia",http://web.facebook.com/sulamcurryfishhead/,$$ - $$$,$$ - $$$AsianMalaysian,+60 12-732 2113,"Lunch, Dinner"
Kolla Coffee,5.0 ,"Lot 2110 & 2111, Jalan Permas Utara Bandar Baru Permas Jaya, Masai Johor, Johor Bahru 81750 Malaysia",https://www.facebook.com/KOLLACOFFEE/,Cafe,Cafe,+60 16-755 7318,
Grandma Ong,4.0 ,"No 10g, Jalan Bestari 3/2, Johor Bahru Malaysia",https://www.facebook.com/grandmaong1999nusabestari/,Chinese,ChineseAsianMalaysianHalal,+60 16-700 0520,Halal
Coffee Signature,4.5 ,"53 Jalan Serampang Taman Sri Terbau, Johor Bahru 80050 Malaysia",http://www.nssignaturegroup.com/,,,+60 7-330 5731,
Dulang Lima,4.5 ,"19 Jalan Camar 1/3 Taman Perling, Johor Bahru 81200 Malaysia",,Asian,AsianMalaysian,,
Gui Yuan Dim Sum,4.5 ,"27 Jalan Dedap 8 Taman Johor Jaya, Johor Bahru 81100 Malaysia",,Chinese,Chinese,+60 12-723 5560,"Breakfast, Lunch"
Moonlight Cake House Permas Jaya,3.5 ,"No. 1 Jalan Permas 10/5, Johor Bahru 81750 Malaysia",http://www.moonlightcake.com/,$$ - $$$,$$ - $$$BakeriesChineseSteakhouse,60 7 387 3322,"Breakfast, Dinner"
Restoran Muthu,3.5 ,"118 Jalan Trus 80000 Johor Bahru Malaysia, Johor Bahru 80000 Malaysia",,$$ - $$$,$$ - $$$IndianAsianMalaysian,+60 2214113,"Vegetarian Friendly, Vegan Options"
Azure,4.5 ,"Nong Chik Riverside, 80200 JB 40 Jalan Kolam Air, Johor Bahru 80200 Malaysia",http://www.facebook.com/azureJB,$$ - $$$,$$ - $$$IndianSouthwesternMediterranean,6072072088,"Indian, Southwestern, Asian, Malaysian, Mediterranean"
Awagyu Restaurant,4.5 ,"25c, Jalan Dato Abdullah Tahir Taman Abad, Johor Bahru 80300 Malaysia",http://www.facebook.com/awagyujb/,Japanese,Japanese,+60 11-5776 4363,"Lunch, Dinner"
Yummy Nasi Lemak House JB,4.0 ,"104 Jalan Dato Sulaiman, Johor Bahru 80350 Malaysia",,$,$AsianMalaysian,6073329375,"Asian, Malaysian"
Muraii,5.0 ,"Ground floor shop 9, menara malpakat, Johor Bahru 80250 Malaysia",,Japanese,Japanese,+60 7-277 6707,"Lunch, Dinner"
Hui Lau Shan,3.5 ,"Jalan Wong Ah Fook Lot J3-20, JB City Square 106-108, Johor Bahru 80000 Malaysia",https://www.facebook.com/huilaushanmalaysia/,$,$DessertAsian,+60 7-222 6969,
Palsaik Korean BBQ - Mid Valley Southkey JB,4.5 ,"Mid Valley Southkey Mall, No 1, Persiaran Southkey 1 T048 & T049, Level 3, Johor Bahru 80150 Malaysia",,$$ - $$$,$$ - $$$BarbecueAsianKorean,+60 7-276 3303,"Barbecue, Asian, Korean"
Quivo Southkey,5.0 ,"No. 1, Persiaran Southkey 1 The Mall, Mid Valley Southkey, Johor Bahru 80150 Malaysia",,$$ - $$$,$$ - $$$ItalianIndianBar,+60 7-338 4684,"Italian, Indian, Bar, Mediterranean, Asian, Pub"
Bushido Shabu Shabu,4.0 ,"56, Jalan Austin Heights 8/7, Johor Bahru 80400 Malaysia",,$$ - $$$,$$ - $$$Japanese,+60 7-333 4668,"Lunch, Dinner, Drinks"
Nam Moon Korean BBQ,3.5 ,"No. 31 Jalan Perang, Johor Bahru 80400 Malaysia",,$$ - $$$,$$ - $$$BarbecueAsianKorean,+60 7-331 5573,"Lunch, Dinner"
Flow Pub & Restaurant Sutera,5.0 ,"147, Jalan Sutera Tanjung 8/2 Taman Sutera Utama, Johor Bahru 81300 Malaysia",https://www.facebook.com/flowpubjb,Italian,ItalianBarAsianPub,+60 18-907 7812,"Dinner, After-hours, Drinks"
Taika Huat Braised Duck in Skudai,4.5 ,"Jalan Kilang Nenas Jalan Skudai Batu 8½ near Lee Pineapple Factory and SJK Kuo Kuang school, Johor Bahru 81300 Malaysia",,$$ - $$$,$$ - $$$Chinese,,
The Toast,4.0 ,"LOT 2110, Jalan Permas Utara Bandar Baru Permas Jaya, Johor Bahru 81750 Malaysia",https://www.facebook.com/TheToastSDNBHDPermasJaya/,$$ - $$$,$$ - $$$Asian,+60 7-388 6880,
AK Noodles House,4.5 ,"Lot J2-12, Level 2, City Square, Johor Bahru 80000 Malaysia",,$,$ChineseAsianMalaysian,+60 7-221 1843,"Chinese, Asian, Malaysian"
Tony Roma's,3.5 ,"Lot 203, 2nd Floor, KOMTAR JBCC, Johor Bahru 80000 Malaysia",,$$ - $$$,$$ - $$$SteakhouseBarbecueHalal,+60 7-220 0895,Halal
Spice Garden,5.0 ,"No. G-58 & 59, Belletime Shopping Mall, Danga Bay, Johor Bahru 80200 Malaysia",http://beletime.com.my/spice-garden,Indian,Indian,+60 3-2142 2220,"Lunch, Dinner"
The Stag Bistronomy,4.0 ,"No 21 Jalan Austin Perdana 2/22 Taman Austin Perdana, Johor Bahru 81100 Malaysia",http://www.facebook.com/pages/The-Stag-Bistronomy/1408980899402203,$$ - $$$,$$ - $$$FrenchEuropeanBritish,606073549323,"French, European, British"
Olive Musicafe,4.0 ,"NO 5-01 & 6-01 Jalan Kolam Air 1 Nong Chik Heights, Johor Bahru 80100 Malaysia",,$$ - $$$,$$ - $$$CafeMalaysianHalal,+60 12-774 5437,Halal
Restoran Thai Food Chotiroj,4.5 ,"171 Jalan Rawa, Taman Perling on Side Road Off Coastal Highway, Johor Bahru 81200 Malaysia",,,,+60 7-241 1081,
Restoran Sayam,4.0 ,"Jalan Stulang Laut Taman Stulang, Johor Bahru 80300 Malaysia",,Chinese,ChineseAsianMalaysian,,
Myra Bistro Coffee House,4.0 ,"16 Jalan Skudai, Johor Bahru 80200 Malaysia",http://www.m-suites.com/,$$ - $$$,$$ - $$$ChineseAsianMalaysian,772211000,"Lunch, Dinner"
The Chicken Rice Shop,3.5 ,"No 4, Lebuh Medini Utara Lot G33 & G34 Ground Floor, Johor Bahru 79200 Malaysia",http://www.thechickenriceshop.com/,$,$AsianMalaysian,+60 7-509 0048,Dinner
Tastea,4.5 ,"49 Jalan Austin Height 8/5 Taman Mount Austin, Johor Bahru 81100 Malaysia",http://www.facebook.com/iamtastea,$,$SouthwesternCafeDiner,+60 10-766 0138,"Southwestern, Cafe, Diner"
The Sugar Pantry,4.5 ,"47 Jalan Molek 1/9 Taman Molek, Johor Bahru 81100 Malaysia",http://www.facebook.com/thesugarpantry.tsp,$$ - $$$,$$ - $$$French,+60 7-364 3910,"Lunch, Dinner"
Vino Vino Bistro,4.5 ,"No. 12 12-01 Jalan Molek 1/13, Taman Molek, Johor Bahru 81100 Malaysia",,$$ - $$$,$$ - $$$JapaneseWine Bar,+60 7-357 6699,Dinner
Chatto,4.5 ,"2 Jalan Kuning 23, Johor Bahru 80400 Malaysia",http://www.chatto.com.my/,,,+60 7-336 0436,
Restaurant Bar 9,5.0 ,"1A, Jalan Kuning 1, Taman Pelangi., Johor Bahru 80400 Malaysia",,Bar,BarAsianPubWine Bar,+60 16-798 9120,"Lunch, Dinner, After-hours, Drinks"
Padi Kopitiam Jalan Trus,4.0 ,"82-b, Jalan Trus, Bandar Johor Bahru, Johor Bahru 80000 Malaysia",,Asian,AsianMalaysian,+60 11-1439 5460,"Breakfast, Lunch"
Routine By Soon,4.0 ,"R&F Mall, Lot G025, G026, Mercu 1, Jalan Tanjung Puteri 1 R & F, Tanjung Puteri, Johor Bahru 80300 Malaysia",,$,$MexicanAsianFusion,+60 17-331 1778,"Mexican, Asian, Fusion, Australian, Middle Eastern, Malaysian"
Sumo Japanese Restaurant,4.0 ,"2 & 4, Jalan Bestari 5/2 Taman Nusa Bestari, Johor Bahru 79150 Malaysia",,$$ - $$$,$$ - $$$Japanese,607231 7194,Japanese
McDonald's,3.5 ,"1.19, Jalan Kuning, Jalan Tebrau, Johor Bahru Malaysia",,$,$Quick BitesFast food,+60 7-331 2564,"Brunch, Breakfast"
Morganfields,4.0 ,"Jln Austin Heights 8/2, Johor Bahru 81100 Malaysia",,$$ - $$$,$$ - $$$,+60 3-2141 3192,"Reservations, Seating, Table Service"
Madam Claire Cafe Bar & Bistro,5.0 ,"55 Jalan Indah 15/2 1st Floor Hotel Granada, Bukit Indah, Johor Bahru 81200 Malaysia",,Philippine,PhilippineSpanishAsianPub,+60 12-505 0357,"Lunch, Dinner, After-hours, Drinks"
Go Noodle House,4.0 ,"Lot L6-10, Level 6, JB City Square, Johor Bahru 80000 Malaysia",,$$ - $$$,$$ - $$$ChineseAsianSoups,,"Lunch, Dinner"
Mee Rebus Stulang Laut,4.0 ,"Toward Jalan Dataran Larkin 2 Jalan Larkin, Johor Bahru 80350 Malaysia",,,,+60 10-549 3825,
Ah hong kopitiam,4.0 ,"Jalan Sutera, Johor Bahru 81350 Malaysia",,$,$ChineseAsianMalaysian,+60 12-771 9600,"Breakfast, Lunch, Dinner"
Amma Restaurant,3.5 ,"164 A&b Jalan Ngee Heng, Johor Bahru 80000 Malaysia",http://www.coffeevinecafe.com/,$$ - $$$,$$ - $$$IndianAsianMalaysian,+60 7-221 1909,"Vegetarian Friendly, Vegan Options, Halal"
New Tokugawa (Sushi Monzta),4.5 ,"22 Jalan Perang, Johor Bahru 80400 Malaysia",,$$ - $$$,$$ - $$$Japanese,+60 7-331 1172,"Lunch, Dinner"
August Cafe,4.0 ,"Pasar Karat 36 Jalan Tan Hiok Nee, Johor Bahru 80000 Malaysia",,,,+60 7-220 0218,Takeout
BacchusJ,4.0 ,"Persiaran Puteri Selatan LG-18,Lower Ground Floor,Puteri Harbour, Johor Bahru 79000 Malaysia",https://www.facebook.com/bacchusj/,$$ - $$$,$$ - $$$Italian,+60 7-509 6722,"Lunch, Dinner, Brunch, Drinks"
Penang Road Famous Teochew Chendul,4.0 ,"No. 1 Jalan Desa Tebrau Lot S30, AEON Mall Tebrau City, Johor Bahru 81100 Malaysia",,Asian,AsianMalaysian,+60 4-262 6002,Brunch
Baskin-Robbins,4.5 ,"Suite No. 502, Johor Premium Outlets Jalan Premium Outlets, Johor Bahru 81000 Malaysia",,Dessert,DessertAmerican,+60 7-665 1131,"Lunch, Dinner"
Hayashi Japanese Restaurant,4.0 ,"Lot B3-01-02 No 7 Molek Pine 3 Apartment, Jalan Molek 1/27, Taman Molek, Johor Bahru 81100 Malaysia",,$$ - $$$,$$ - $$$JapaneseSushiAsian,+60 19-777 7988,"Dinner, Lunch"
Foodie Wedding,4.5 ,"No 43 Jalan Serampang Taman Sri Tebrau, Johor Bahru 80050 Malaysia",,Italian,ItalianPizzaEuropeanGrill,+60 7-333 6223,Breakfast
Cha Lao Dim Sum,4.5 ,"Jalan Dato Sulaiman Shop 6 Menara Malpakat, Johor Bahru 80250 Malaysia",,$$ - $$$,$$ - $$$ChineseAsian,+60 7-290 3394,"Chinese, Asian"
Restoran Hi Wan,4.5 ,"Jalan Sri Pelangi, Johor Bahru 80400 Malaysia",,$,$,+60 16-930 8981,
Hadramawt JB Restaurant,4.5 ,"Taman Bukit Mewah, paradigm Jalan Bertingkat Skudai #8 Hadramawt JB, Food Arcade, Level 4M, Paradigm Mall, Johor Bahru 81200 Malaysia",,$$ - $$$,$$ - $$$MediterraneanMiddle EasternArabic,+60 17-329 7100,"Mediterranean, Middle Eastern, Arabic"
Secret Recipe,4.0 ,"Jalan Wong Ah Fook MB-02A, Level B1, JB City Square, Johor Bahru 80000 Malaysia",,,,+60 7-224 8110,
Tanba Japanese BBQ - Twin Galaxy,4.5 ,"Jalan Dato' Abdullah Tahir, Johor Bahru 80300 Malaysia",,Japanese,Japanese,+60 7-382 1368,
Batavia Kitchen JB City Square,5.0 ,"J2-16, Jalan Wong Ah Fook Level 2, Johor Bahru City Square, Johor Bahru 80000 Malaysia",,$$ - $$$,$$ - $$$AsianIndonesian,+60 7-207 0711,"Asian, Indonesian"
Saigon Cafe,4.0 ,"112 Jalan Gaya 1, Johor Bahru 81800 Malaysia",,$,$AsianVietnamese,+60 7-863 5892,
Siam House Thai Restaurant,4.0 ,"G-07 Jalan Molek 1/30 Taman Molek, Johor Bahru 81200 Malaysia",http://www.siamhousejb.com/,$$ - $$$,$$ - $$$AsianThai,+60 7-357 8113,"Lunch, Dinner"
Shik Gaek Korea Family Restaurant,4.0 ,"No 185 Jalan Sri Pelangi, Johor Bahru 80400 Malaysia",,$$ - $$$,$$ - $$$BarbecueAsianKorean,+60 7-331 4276,"Lunch, Dinner"
Swood Smokehouse BBQ,5.0 ,"44 Jalan Setia Tropika 1/1 Taman Setia Tropika, Johor Bahru 81200 Malaysia",,$$ - $$$,$$ - $$$Barbecue,+60 16-961 9089,Barbecue
Ho Min San,4.5 ,"Jalan Bertingkat Skudai 2F-23-27 Second Floor Paradigm Mall, Johor Bahru Malaysia",,$$ - $$$,$$ - $$$Chinese,+60 7-234 2788,
San Low Seafood,3.5 ,"Jalan Merah Taman Pelagi, Johor Bahru 80400 Malaysia",https://www.facebook.com/sanlowseafood,$$ - $$$,$$ - $$$ChineseSeafoodAsian,+60 7-332 3869,"Dinner, Lunch, After-hours"
Restoran Daiman Pekin,4.5 ,"No 18 Jalan Pesona Taman Johor Jaya, Johor Bahru 81100 Malaysia",,Chinese,Chinese,+60 7-354 4770,
Storia Cafe,4.0 ,"78 Jalan Storey, Johor Bahru 80300 Malaysia",,$,$Chinese,+60 16-745 0480,"Breakfast, Lunch"
Starbucks,3.5 ,"Lot No 1&2 3rd Floor JB Sentral, Johor Bahru 80300 Malaysia",,$$ - $$$,$$ - $$$Cafe,+60 7-221 2453,"Breakfast, Lunch, Dinner"
Ut Cung Vietnamese Cuisine,4.5 ,"Jalan Sutera 3, Taman Sentosa 34, Johor Bahru 80150 Malaysia",,Cafe,CafeSeafoodAsianMalaysian,+60 11-6110 9599,"Lunch, Dinner"
LobsterCrab & Burger (Krusty J Crab),4.0 ,"Jalan Bukit Aliff 4, Taman Damansara Aliff Ground Floor No. 49, Johor Bahru 81200 Malaysia",,$$ - $$$,$$ - $$$SeafoodAsianContemporary,+60 7-234 2845,"Seafood, Asian, Contemporary, Malaysian"
Pisang,5.0 ,"Persiaran Southkey 1 Block A, Unit #1-40, Pusat Komersial Bayu Tasek, Johor Bahru 80150 Malaysia",,Cafe,CafeAsianMalaysianHalal,+60 16-771 2930,Halal
Japan Street (Food Court),3.5 ,"108 City Square Jalan Wong Ah Fook, Johor Bahru 80000 Malaysia",,$$ - $$$,$$ - $$$JapaneseAsian,+60 7-224 5333,"Japanese, Asian"
Kage sushi,4.0 ,"133 Jalan Sutera Tanjung 8/2, Johor Bahru 81300 Malaysia",,$$ - $$$,$$ - $$$JapaneseSushiAsian,+60 7-556 2043,"Lunch, Dinner"
Tian Xiang Yong Peng Fish Ball,4.0 ,"173 Jalan Harimau Taman Abad, Johor Bahru 80250 Malaysia",,$$$$,$$$$Chinese,+60 16-333 1765,Chinese
Restoran Ka Hoe,4.0 ,"24 Jalan Maju Taman Maju Jaya, Johor Bahru Malaysia",,$,$AsianMalaysian,,
Social House Thai Cuisine,4.5 ,"No. 100 Jalan Sutera Converted Property, Corner Lot, Johor Bahru 80150 Malaysia",,$$ - $$$,$$ - $$$Thai,+60 7-336 0918,"Breakfast, Lunch, Dinner"
Dong Seoul Korean Bbq Restaurant,4.0 ,"no47. Jalan Austin Heights 8/3 Taman Mount Austin Dong Seoul Korean Restaruant, Johor Bahru 81100 Malaysia",,Barbecue,BarbecueAsianKorean,+60 11-2665 3406,"Lunch, Dinner"
Nasi Lemak Warong Pokok Ceri,4.5 ,"23, Jalan Inche Besar Zubaidah Kampung Mahmoddiah, Johor Bahru 80100 Malaysia",,,,,
Eugene's Grocery Cafe,4.0 ,"No.16 Jalan Perang Taman pelangi, Johor Bahru 80400 Malaysia",,$$ - $$$,$$ - $$$CafeVegan Options,6073311353,Vegan Options
The Corner Cafe JB,5.0 ,"Jalan Dato Abdullah Tahir Taman Abad Trove hotel ground floor, Johor Bahru 80300 Malaysia",,$,$Chinese,+60 10-713 1393,Chinese
Restoran Nilla,3.5 ,"No 3 Jalan Ungku Puan, Johor Bahru 80000 Malaysia",,$,$IndianAsianMalaysian,+60 7-227 5722,"Vegan Options, Vegetarian Friendly, Halal"
Star Chef Seafood Restaurant Gelang Patah,4.0 ,"1, 10, Jalan Silc 1,, Johor Bahru 81550 Malaysia",,$$ - $$$,$$ - $$$SeafoodAsian,+60 12-775 6313,"Lunch, Dinner"
Nando's AEON Tebrau,4.0 ,"Lot G22 Ground Floor, AEON Tebrau City Shopping Centre, No.1, Jalan Desa Tebrau, Johor Bahru 81100 Malaysia",,$$ - $$$,$$ - $$$Mexican,+60 7-354 6555,
Dragon-I,4.5 ,"3, Persiaran Desa Tebrau Aeon Tebrau City Shopping Centre, Johor Bahru 81100 Malaysia",,Chinese,Chinese,+60 7-351 9188,"Lunch, Dinner"
Century Claypot Chicken Rice,4.5 ,"14 Jln Serigala Taman Century, Johor Bahru 80250 Malaysia",,$$ - $$$,$$ - $$$,+60 12-763 8192,
Sedap Corner Work & Gril,4.0 ,"LG01-01A Jalan Trus Galleria Kotaraya, Johor Bahru 80000 Malaysia",,$$ - $$$,$$ - $$$Malaysian,+60 7-222 9987,"Dinner, Lunch, Brunch"
Tai Hong Kopitiam,3.5 ,"42 Jalan Kuning Taman Pelangi, Johor Bahru 80400 Malaysia",,$,$ChineseAsianMalaysian,,Halal
Kampung Carabao Authentic Thai Restaurant,3.5 ,"16, Jalan Dato Abdullah Tahir, Johor Bahru 80300 Malaysia",,$$ - $$$,$$ - $$$CafeSeafoodAsian,+60 7-335 9333,Halal
Sodam Korean BBQ restaurant,4.5 ,"3 Jalan Permas Permas Mall,#01-34, Blk A, No. 3 Jalan Permas Utara, Johor Bahru 81100 Malaysia",,$$ - $$$,$$ - $$$BarbecueAsianKorean,+60 7-388 0800,"Barbecue, Asian, Korean"
M2 Cafe,4.0 ,"7-01 Jalan Austin Heights 8/8 Taman Mount Austin, Johor Bahru 81100 Malaysia",,$$ - $$$,$$ - $$$ItalianChineseCafe,+60 12-738 5848,"Italian, Malaysian, Cafe, Chinese, Asian"
Ks Treasures Restaurant Sdn Bhd,4.0 ,"155 Jalan Sutera Taman Sentosa, Johor Bahru 80150 Malaysia",,Chinese,ChineseSeafood,6076651133,"Lunch, Dinner"
Thai Express,3.5 ,"Jalan Wong Ah Fook Lot 202A, 2nd. Floor, Komtar Jbcc, Johor Bahru 80000 Malaysia",,$$ - $$$,$$ - $$$AsianThaiVegetarian Friendly,+60 7-295 5161,"Vegetarian Friendly, Vegan Options"
Kuu,4.5 ,"No 2, Jalan Eko Botani 3/6, Johor Bahru 79100 Malaysia",,$$ - $$$,$$ - $$$ChineseCafeFast food,+60 7-595 0835,
Kedai Makanan Ah Soon,4.0 ,"141 Jalan Keris Taman Sri Tebrau, Johor Bahru 80050 Malaysia",,Chinese,Chinese,+60 12-430 0188,
DOMA,4.0 ,"Jalan Tanjung Puteri R&F Mall Level 1-116, Johor Bahru 80300 Malaysia",,$$ - $$$,$$ - $$$AsianKorean,+60 11-2781 6184,"Lunch, Dinner"
Starbucks,4.0 ,"No 106 & 108 Jalan Wong Ah Fook Lot J1-06, Level 1, Johor Bahru 80000 Malaysia",,$$ - $$$,$$ - $$$,6072760267,
Selasih,3.5 ,"Jalan Abdullah Persada Johor International Convention Centre, Johor Bahru 80300 Malaysia",,$$ - $$$,$$ - $$$AsianMalaysianHalal,(607) 219 8888 ,Halal
Nosh By Poke Twins,5.0 ,"41 Jalan Permas 10/1 Bandar Baru Permas Jaya, Masia, Johor Bahru 81750 Malaysia",,Fusion,Fusion,+60 7-382 1732,
Kirishima Shuzou,4.5 ,"117, Jalan Tebrau, Taman Century, Johor Bahru 80300 Malaysia",,,,6072762838,
TreeSea by 3C Cafe,4.0 ,"31 Jalan Hijauan 3 Horizon Hills, Johor Bahru 79100 Malaysia",,Bakeries,BakeriesCafe,+60 7-287 6229,
Magnum Sports Cafe,3.5 ,"LG, 09 Little Red Cube, Persiaran Puteri Selatan Puteri Harbour, Johor Bahru 79000 Malaysia",,$$ - $$$,$$ - $$$DessertAmericanSteakhouse,+60 7-509 6669,"Lunch, Dinner"
Nasi Goreng Seafood Stulang,4.0 ,"Jalan Stulang Laut 1, Johor Bahru Malaysia",,Seafood,SeafoodAsianMalaysian,+60 19-750 9345,
Sushi Mentai,4.0 ,"No.0114, Level 1, Indahwalk3, Jalan Indah 15 Taman Bukit Indah, Johor Bahru 81200 Malaysia",,,,,
Super Laksa,5.0 ,"4F-36-45, Paradigm Mall, Johor Bahru 81200 Malaysia",,Asian,AsianMalaysian,+60 16-718 4588,"Lunch, Dinner"
Kinsahi Ya,3.5 ,"Lot 09 Lebuhraya Bukit Indah No.8, Jalan Indah 15/2, Bukit Indah, Johor Bahru 81200 Malaysia",,$$ - $$$,$$ - $$$JapaneseSushiAsian,,"Dinner, Lunch"
Zainals Place,4.0 ,"89 Jalan Keris, Taman Sri Tebrau, Johor Bahru 80050 Malaysia",,$,$AsianMalaysian,+60 7-334 1325,
Din Kee Beef Noodle,4.5 ,"21 Jalan Maju, Taman Maju Jaya Beside KSL Mall, Johor Bahru 80250 Malaysia",,,,+60 16-733 3459,
Yi Jia Seafood,4.0 ,"No.17,19,21,23,Jalan Setia 9/17 Taman Setia Indah, Johor Bahru 81100 Malaysia",,$$ - $$$,$$ - $$$ChineseSeafood,+60 12-707 5806,"Chinese, Seafood"
Big Bites Cafe,4.5 ,"18 Jalan Ibrahim, Johor Bahru 80000 Malaysia",,$$ - $$$,$$ - $$$PizzaCafe,+60 7-221 1475,
Kinsahi Japanese Restaurant,3.5 ,"No 1 Jalan Desa Tebrau Lot S115, 2nd Floor, Aeon Tebrau City Shopping Centre, Johor Bahru 81100 Malaysia",,$$ - $$$,$$ - $$$JapaneseSushi,+60 7-358 1388,Reservations
RRR cafe,4.5 ,"14a. Jalan Trus, Johor Bahru 80000 Malaysia",,,,,
Ban Heong Seng Restaurant,4.0 ,"34-B Jalan Tahar Off Jalan Skudai Bt 3 3/4, Johor Bahru 80200 Malaysia",,$$ - $$$,$$ - $$$,+60 7-237 5194,
Sedap Corner,3.5 ,"City Square, Lot J2-13, Level 2, Johor Bahru, Johor Bahru Malaysia",,$$ - $$$,$$ - $$$AsianMalaysian,+60 7-221 9182,"Seating, Wheelchair Accessible, Table Service"
Guoma Steamboat Buffet Johor,4.0 ,"The Suasana Iskandar, Zenith Mall,82C Jalan Trus#02-05,06&07, Johor Bahru 80000 Malaysia",,$$ - $$$,$$ - $$$ChineseAsianTaiwanese,+60 10-653 6868,"Asian, Taiwanese, Malaysian, Chinese"
Bierhaus,4.5 ,"No. 2, Block B Senibong Cove, Johor Bahru 81750 Malaysia",,Pizza,PizzaAsianMalaysian,+60 7-386 2838,
Restoran Shoon Huat,3.5 ,"11 Jalan Sutera 1 Taman Sentosa, Johor Bahru 80150 Malaysia",,$$ - $$$,$$ - $$$ChineseAsianSoups,+60 19-778 0709,"Brunch, Lunch"
Modern Revelation,4.5 ,"44 Jalan Molek 2/3 Taman Molek, Johor Bahru 81100 Malaysia",,$$ - $$$,$$ - $$$AsianTaiwanese,+60 7-287 8285,"Asian, Taiwanese"
SunShine Cafe,5.0 ,"A-LG-8, The Garden Residences, Jalan Mutiara 1/15, Taman Mutiara Mas, Johor Bahru 81300 Malaysia",,$$ - $$$,$$ - $$$International,+60 18-225 3008,
Restoran Multi Mart,4.0 ,"Jalan Harimau, Johor Bahru 80250 Malaysia",,$,$Chinese,,
Sugar On Top,4.0 ,"1 Jalan Kuning 1 Taman Pelangi, Johor Bahru 80400 Malaysia",,$$ - $$$,$$ - $$$FrenchCafeEuropean,,"Cafe, Fusion, French, European"
Roast & Coffee - Retro Garden 1968's,4.5 ,"62&63, Jalan Tan Hiok Nee, Johor Bahru 80000 Malaysia",,Asian,AsianMalaysian,,
Cheelicious Bakery&Cafe,3.5 ,"Tmn 55 Jalan Kuning 2, Johor Bahru 80400 Malaysia",,$$ - $$$,$$ - $$$BakeriesCafe,+60 7-331 5577,"Lunch, Dinner"
Chicken Chop Hutan Bandar,3.5 ,"No. 33 Jalan Tasek Kolam Aye, Johor Bahru 80200 Malaysia",http://www.facebook.com/pages/Chicken-Chop-Hutan-Bandar/448016515251183,$,$AsianMalaysianHalal,,Halal
Sky View Restaurant Amerin Hotel,4.0 ,"No 35 Jalan Persisiran Perling 1, Johor Bahru 81200 Malaysia",,Cafe,Cafe,6072330333,Reservations
I Drink Coffee,4.5 ,"G14 & G16 Jalan Pandarosa Taman Ponderosa, Johor Bahru 81100 Malaysia",,$,$Cafe,+60 17-650 1012,Cafe
Lao Tee Kue Teow,4.5 ,"295 Jalan Sutera Taman Sentosa, Johor Bahru 80150 Malaysia",,,,+60 12-770 2673,
Restoran Rawa,4.0 ,"36 Jalan Kuning Taman Pelangi, Johor Bahru 80400 Malaysia",,Chinese,ChineseAsianMalaysian,+60 7-333 3036,
Bakhita Cafe,5.0 ,"1, Jalan Trus, Bandar Johor Bahru, 80000 Johor Bah, Johor Bahru 80000 Malaysia",,$$$$,$$$$IndianAsianMalaysian,,"Lunch, Dinner"
The Substitutes,4.0 ,"Jalan Tun Abdul Razak Susur 1, Johor Bahru 80000 Malaysia",,Asian,AsianMalaysian,+60 17-799 6870,
"EPL (Eat, Play, Laugh)",4.0 ,"18 Jalan Abdul Samad H basement, Johor Bahru 80100 Malaysia",,$$ - $$$,$$ - $$$ChineseAsianNonya/Malaysian,+60 7-220 0779,"Chinese, Asian, Malaysian"
Creamery Boutique Ice Creams JB,4.0 ,"33 Jalan Austin Heights 8/3 Taman Mount Austin, Johor Bahru 81100 Malaysia",,$$ - $$$,$$ - $$$Dessert,+60 7-362 1300,
R&R Bistro,4.0 ,"Jalan Padi Makmur, Johor Bahru 81200 Malaysia",,$$ - $$$,$$ - $$$SteakhouseIndianSeafood,+60 12-799 9997,"Indian, Seafood, Asian, Malaysian, Arabic, Steakhouse"
Moonlight Cake House Sutera Utama,4.0 ,"No. 77 Jalan Sutera Tanjung 8/3 Taman Sutera Utama, Johor Bahru 81300 Malaysia",,$$ - $$$,$$ - $$$ChineseSteakhouseCafe,+60 7-558 3322,Seating
Selera Sungai Chat,4.0 ,"Jalan a Selat Johor Area, Johor Bahru 80000 Malaysia",,$$ - $$$,$$ - $$$Seafood,,"Breakfast, Lunch, Dinner"
Caprilicious,4.5 ,"Menara Tiga Serangkai, Jalan Tengku Azizah Capri by Fraser, Johor Bahru 80300 Malaysia",,$$ - $$$,$$ - $$$International,+60 7-277 0888,International
Pin Ming Xuan Cantonese Dimsum,5.0 ,"10, Jalan Serigala, Taman Century Garden, Johor Bahru 80250 Malaysia",,Chinese,Chinese,+60 17-788 8783,"Breakfast, Lunch, Brunch"
Noodleface A Meatless Cuisine,4.5 ,"Jalan Austin Heights Utama, Johor Bahru 81100 Malaysia",,$,$AsianMalaysian,+60 7-364 2351,
Restoran Ah Meng,3.5 ,"38 Jalan Sultan Aminah, Johor Bahru 80050 Malaysia",,Chinese,ChineseAsianMalaysian,+60 7-334 8634,"Dinner, Lunch"
Principle Café By T.A.M - JB City Centre,5.0 ,"No. 82-B, Jalan Trus Beside Padi Kopitiam Jalan Trus, Johor Bahru 80000 Malaysia",,Cafe,Cafe,+60 18-328 0118,"Lunch, Dinner, Brunch, Drinks"
Sisters BBQ,5.0 ,"37 Jalan Indah 15/2, Johor Bahru 81200 Malaysia",,Asian,AsianKorean,+60 7-244 8259,
Roi Spoon,3.5 ,"No 49 Jalan Indah 15/2 Taman Bukit Indah, Johor Bahru 81200 Malaysia",,$$ - $$$,$$ - $$$PizzaCafeInternational,+60 16-669 8827,"Brunch, Dinner"
Ah Hua Kuey Teow,4.0 ,"21 Jalan Serigala Taman Century, Johor Bahru 80250 Malaysia",,,,,
Old Town White Coffee,3.5 ,"Jalan Sutera, Johor Bahru 80150 Malaysia",,$$ - $$$,$$ - $$$CafeAsianMalaysian,,"Breakfast, Lunch"
Classic Nyonya Sdn Bhd,4.5 ,"No.90 Jalan Sutera Tanjung 8/4, Taman Sutera Utama, Johor Bahru 81300 Malaysia",,$$ - $$$,$$ - $$$AsianMalaysian,6075506767,"Asian, Malaysian"
Permas Jaya One Two Eat Cafe,4.0 ,"102 & 104 Jalan Permas 10, Johor Bahru 81750 Malaysia",,$$ - $$$,$$ - $$$ChineseAsianMalaysian,+60 7-382 1482,"Chinese, Asian, Malaysian"
Food Paradise,5.0 ,"106 Jalan Wong Ah Fook Lot J6-09, Level 6, Johor Bahru City Square, Johor Bahru 80000 Malaysia",,Asian,AsianMalaysian,+60 18-943 5086,
Kim Chi & BBQ,4.0 ,"No. 24 Jalan Perang, Johor Bahru 80400 Malaysia",,$$ - $$$,$$ - $$$BarbecueAsianKorean,+60 7-333 1700,"Dinner, Lunch"
Arcadia Desserts,4.5 ,"L1-102 KSL City Mall, Johor Bahru 80250 Malaysia",,American,AmericanFusion,+60 16-311 3180,
Restoran Ke Ren Lai,4.0 ,"6 Jalan Pingai Taman Sri Pelangi, Johor Bahru 80400 Malaysia",,Chinese,Chinese,+60 7-331 2430,
Warakuya Japanese Restaurant,4.5 ,"No.9 Bahrul'ml, Jalan Austin Heights 8/2 Taman Mount Austin, Johor Bahru 81100 Malaysia",,$$ - $$$,$$ - $$$JapaneseSeafoodSushi,+60 10-953 0000,"Lunch, Dinner"
Roots Bistro,5.0 ,"1 Jalan Austin Heights 3 Taman Mount Austin, Johor Bahru 81100 Malaysia",,$$ - $$$,$$ - $$$ItalianAsianFusion,+60 11-5692 8799,"Italian, Asian, Fusion, Healthy, Malaysian"
Seng Steam Fish,4.5 ,"100 . Jalan Keris. Taman Sri Tebrau, Johor Bahru Malaysia",,Chinese,ChineseSeafood,+60 12-708 2680,"Breakfast, Lunch"
Mat Corner,4.5 ,"22 Jalan Padi Mahsuri 13, Johor Bahru 81200 Malaysia",,Asian,AsianMalaysian,+60 19-724 4798,"Lunch, Dinner"
Grand Bayview Seafood Restaurant,3.5 ,"PTB 21349 Jalan Bertingkat Skudai Danga Bay, Johor Bahru 81200 Malaysia",,$$ - $$$,$$ - $$$ChineseSeafoodAsian,+60 7-238 8118,Dinner
Mampir Lagi,4.5 ,"42 Jalan Pingai Taman Pelangi, Johor Bahru 80400 Malaysia",,,,6073365568,
GCafe Mount Austin,4.0 ,"147 Jalan Mutiara Austin Taman Mount Austin, Johor Bahru 81100 Malaysia",,$$ - $$$,$$ - $$$Cafe,+60 7-364 5058,Reservations
Taste of Georgetown,3.5 ,"56 Jalan Sutera Tanjung 8/3 Taman Sutera Utama, Johor Bahru 81300 Malaysia",,$,$ChineseAsianMalaysian,+60 7-554 3220,"Chinese, Asian, Malaysian"
Restoran Agus,4.0 ,"Jalan Pulai 23, Johor Bahru 81300 Malaysia",,$,$AsianIndonesian,,"Asian, Indonesian"
Ehhe Art Cafe,4.0 ,"No 1 Jalan Trus, Johor Bahru 80000 Malaysia",,$$ - $$$,$$ - $$$,+60 7-220 0866,
Restaurant Sze Zai Hiong,4.0 ,"62 Jalan Pingai Taman Pelangi, Johor Bahru 80400 Malaysia",,Chinese,Chinese,+60 12-737 8165,Reservations
Triple K,4.0 ,"48 Jalan Tan Hiok Nee Bandar, Johor Bahru 80000 Malaysia",,Chinese,ChineseAsianSoupsFujian,+60 12-787 1811,
Shiokara Japanese Restaurant,4.0 ,"28A, Jalan Eko Botani 3/6, Taman Eko Botani, Johor Bahru 79100 Malaysia",,$$ - $$$,$$ - $$$Japanese,+60 7-510 2656,Japanese
Bumbu Asli,4.0 ,"No. 36-L Jalan Kolam Ayer, Johor Bahru 80100 Malaysia",,Asian,AsianMalaysian,+60 12-710 2692,
JJ Wine & Tapas,5.0 ,"58 Jalan Pingai, Johor Bahru 80400 Malaysia",,Wine Bar,Wine Bar,+60 7-511 6199,
Savage Restoran,4.5 ,"138 Jalan Pahlawan 2, Johor Bahru 81300 Malaysia",,Asian,AsianMalaysian,+60 7-562 0764,"Breakfast, Lunch, Dinner"
La Primeur Century,4.0 ,"61, Jalan Harimau Tarum, Taman Century, Johor Bahru 80250 Malaysia",,$$ - $$$,$$ - $$$ChinesePizzaCafe,+60 7-334 9854,"Chinese, Pizza, Cafe, Fast food, Asian"
By Grace,4.5 ,"37, Jalan Horizon Perdana 4, Johor Bahru 79100 Malaysia",,,,+60 12-730 9966,Reservations
Image Cooker,4.0 ,"19b&C Jalan Harmonium Taman Desa Tebrau, Johor Bahru 81100 Malaysia",,$$ - $$$,$$ - $$$,+60 12-767 7347,
Toast Box,3.5 ,"108, 110, Jalan Dedap 13, Johor Bahru Malaysia",,$,$CafeAsian,,"Breakfast, Brunch"
The Potter Kitchen,5.0 ,"Jalan Austin Perdana 3 #G-03, Austin 18 Versatile Suite, Johor Bahru 81100 Malaysia",,Italian,ItalianAsianMalaysian,+60 16-360 9968,
Cendol House,4.0 ,"Kampung Melayu Jalan Utama, Johor Bahru Malaysia",,$,$AsianMalaysian,+60 11-1756 4587,
Marina Seafood Restaurant,3.5 ,"Diversion Road Mandurriao, Iloilo City, Johor Bahru Malaysia",,$$ - $$$,$$ - $$$ChineseSeafoodAsian,+60 7-224 1400,"Dinner, Lunch"
B.E Cafe,4.5 ,"46 Jalan Molek 1/28, Johor Bahru 81100 Malaysia",,Cafe,Cafe,+60 7-364 3128,
Jeju Black Korean Noodle Restaurant,4.0 ,"1 Jalan Indah 15/3 Taman Bukit Indah, Johor Bahru 81200 Malaysia",,Asian,Asian,6072325722,
Capri Restaurant,4.5 ,"Jalan Mutiara, Johor Bahru 81100 Malaysia",,Italian,Italian,,Dinner
Secret Recipe,3.5 ,"Lot No. G21 Medini Lifestyle Mal, Johor Bahru Malaysia",,$$ - $$$,$$ - $$$EuropeanAsian,+60 7-509 0327,
Restoran Gim Cheng,4.0 ,"No.2,jalan Sagu 36,Taman Daya,81100 Johor Bahru, Johor Bahru 81100 Malaysia",,,,,
Arashi Shabu Shabu,4.0 ,"Lot F10, 1st Floor, Aeon Bukit Indah Shopping Centre, Johor Bahru 81200 Malaysia",,,,+60 7-237 7702,
Goh Zha Lang Restoran Taiwan,4.0 ,"125 Jalan Sutera Taman Sentosa, Johor Bahru 80150 Malaysia",,$$ - $$$,$$ - $$$ChineseAsianTaiwanese,+60 7-334 4526,"Lunch, Dinner, Brunch"
BlackBall Bukt Indah,4.5 ,"No 67, Jalan Indah 15/2, Taman Bukit Indah, Johor Bahru, Johor, Johor Bahru Malaysia",,,,+60 12-773 9856,
Mexico Restaurant JB,5.0 ,"23 Jalan Hijauan 3, Horizon Hills, Johor Bahru 79100 Malaysia",,$,$MexicanLatinSpanish,+60 16-761 5824,"Mexican, Latin, Spanish"
Shakespeare Millkshakes,3.5 ,"9 Jalan Trus, Johor Bahru 80000 Malaysia",,$,$DessertCafe,+60 12-547 7885,Gift Cards Available
"Me'nate Steak Hub, Johor Bahru",3.5 ,"No. 113 & 115, Johor Bahru 80200 Malaysia",,$$ - $$$,$$ - $$$ItalianSteakhousePizza,+60 7-244 6767,Halal
Mac Murphy Irish Pub,5.0 ,"B -1 -16 , Lake Front, Persiaran Southkey 1, Southkey, Johor Bahru 81100 Malaysia",,Asian,AsianMalaysian,6073384673,Dinner
Infinitea,5.0 ,"15-G, Jalan Permas 11, Bandar Baru Permas Jaya, Johor Bahru 81750 Malaysia",,$,$JapaneseCafeAsian,+60 7-288 0957,"Japanese, Cafe, Asian, Taiwanese, Malaysian"
Palsaik Korean BBQ - Sutera Utama JB,4.0 ,"NO. 51 Jalan Sutera Tanjung 8/2 Taman Sutera Utama, Johor Bahru 81300 Malaysia",,$$ - $$$,$$ - $$$BarbecueAsianKorean,+60 7-556 3833,"Barbecue, Asian, Korean, Grill"
Sushi House,4.0 ,"22 Jalan Indah 25/16, Taman Bukit Indah 2, Johor Bahru 81200 Malaysia",,$$ - $$$,$$ - $$$JapaneseSushiAsian,+60 7-239 6217,"Japanese, Sushi, Asian"
Vilaggio Restaurant,3.5 ,"48 Jalan Hang Tuah 4 Taman Skudai, Johor Bahru 81300 Malaysia",,$$ - $$$,$$ - $$$ItalianPizza,+60 7-556 7366,"Lunch, Dinner"
Bomnal Korean Cafe,5.0 ,"34 Jalan Indah 15/3 Taman Bukit Indah, Johor Bahru 81200 Malaysia",,Cafe,CafeAsianKorean,+60 11-1777 3210,"Lunch, Dinner"
"Taang Shifu, City Square",3.5 ,"Jalan Wong Ah Fook J4-21, Johor Bahru 80000 Malaysia",,$$ - $$$,$$ - $$$ChineseAsianSoups,+60 7-207 2772,"Dinner, Lunch"
Restoran Bai Her,4.0 ,"8 Jalan Molek 2/1, Johor Bahru 81100 Malaysia",,$$ - $$$,$$ - $$$Chinese,+60 19-753 7328,
Vanilla Bean Coffee X Patisserie,4.0 ,"no.2, Persiaran Senibong, Senibong Cove Wateredge Apartment, Johor Bahru 81750 Malaysia",,$,$DessertCafe,+60 6073804900,Cafe
TASIXI Hong Kong Dim Sum,4.0 ,"58, Jalan Eko Botani 3/2 Taman Eko Botani, Johor Bahru 79100 Malaysia",,Chinese,ChineseAsian,+60 16-778 9933,"Breakfast, Lunch"
LC Catering,4.0 ,"No 340 Jalan Balau 1, Johor Bahru 80250 Malaysia",,$$ - $$$,$$ - $$$,+60 7-335 7355,
New Hong Kong Restaurant,3.5 ,"69 A Jalan Ibrahim Sultan, Johor Bahru Malaysia",,$$ - $$$,$$ - $$$ChineseAsianCantonese,+60 7-222 2608,"Lunch, Dinner, Brunch"
Cheotnun Korean Dessert Cafe,4.0 ,"62 Jalan Tebrau Kim Teng Park, Johor Bahru 80400 Malaysia",,$$ - $$$,$$ - $$$AsianKorean,+60 16-512 7168,
"Pappa Rich, City Square",3.5 ,"Jalan Wong Ah Fook Lot M2-23 & M2-26 Level 2 City Square, Johor Bahru 80000 Malaysia",,$$ - $$$,$$ - $$$AsianNonya/MalaysianMalaysian,+60 7-222 2887,Halal
Dusk By Mok Mok,4.5 ,"49, Jalan Perang, Taman Pelangi, 80400 Johor Bahru, Johor Bahru 80400 Malaysia",,Fusion,Fusion,+60 19-771 0068,
Restoran Agneey's Cuisine,3.5 ,"No. 33 Jalan Titiwangsa 3/3 Taman Tampoi Indah, Johor Bahru 81200 Malaysia",,$$ - $$$,$$ - $$$IndianAsianMalaysian,+60 7-235 5063,"Vegetarian Friendly, Vegan Options, Halal"
Brunch2Wine,3.5 ,"25-01 Jalan Molek 1/5c Taman Molek Jalan Ibrahim Sultan, Johor Bahru 80300 Malaysia",,$$ - $$$,$$ - $$$ItalianFrenchSouthwestern,+60 7-207 1600,"Dinner, Breakfast, Lunch"
Permas Seafood Village,3.5 ,"Jalan Kampung, Johor Bahru 81750 Malaysia",,$$ - $$$,$$ - $$$ChineseSeafoodAsian,607166388,"Dinner, Lunch"
TGI Friday's,3.5 ,"Wisma Jotic 2 Jalan Ayer Molek Town Centre, Johor Bahru 80000 Malaysia",,$$ - $$$,$$ - $$$Pub,+60 7-221 3380,"Breakfast, Lunch, Dinner, After-hours"
Nyonya Leaf,3.5 ,"Jalan Wong Ah Fook MK3-07, City Square, Johor Bahru 80000 Malaysia",,$,$Quick BitesMalaysianVegetarian Friendly,+60 7-332 1100,Vegetarian Friendly
Dallah Restaurant,4.5 ,"No 25 ,25 A &25 B, Jalan Kolam Air 1 Kampung Nong Chik, Johor Bahru 80100 Malaysia",,Middle Eastern,Middle Eastern,+60 12-719 1009,"Lunch, Dinner"
Restoran E&Y,3.5 ,"Jalan Jaya Taman Maju Jaya, Johor Bahru 80400 Malaysia",,,,+60 7-332 2786,
Moonlight Cake House,3.5 ,"160 Jalan Sri Pelangi, Johor Bahru 80400 Malaysia",http://www.moonlightcake.com/,$$ - $$$,$$ - $$$ChineseAsianMalaysian,+60 7-333 9922,"Breakfast, Lunch, Dinner"
Farmland Porridge Steamboat,4.0 ,"91 Jalan Harimau Tarum, Johor Bahru 80250 Malaysia",,$$ - $$$,$$ - $$$Chinese,,Chinese
Bay Street 66,4.0 ,"No. 153 & 155 Jalan Dedap 4, Johor Bahru 81100 Malaysia",http://www.facebook.com/Baystreet66jj,$$ - $$$,$$ - $$$,+60 7-287 7103,
Fern Pine Cafe @ Holiday Villa,3.5 ,"260, Jalan Dato Sulaiman Level 9, Holiday Villa Johor Bahru City Centre, Taman Abad, Johor Bahru 80350 Malaysia",,$$ - $$$,$$ - $$$AsianMalaysian,+60 7-290 3388,"Malaysian, Asian"
Twilight Bar & Lounge,3.5 ,"33 Jalan Seladang Taman Abad, Johor Bahru 80250 Malaysia",,$$ - $$$,$$ - $$$ItalianChineseBar,+60 7-288 2666,"Bar, Pub, Malaysian, Italian, Chinese, Asian, Indonesian"
Palladium Cafe,4.0 ,"Jalan Eko Flora 1, Taman Eko Flora, 81100 Johor Bahru, Johor Eco Spring Show Village, Johor Bahru 81100 Malaysia",,Cafe,Cafe,,
Restoran Zhen Wei Ge,4.0 ,"No. 23-25, Jalan Setia 10/10, Taman Setia Indah, Johor Bahru 81100 Malaysia",,Chinese,ChineseSeafood,+60 16-710 9085,
Restoran Onn Kee Jaya,4.5 ,"78 Jalan Dato Toh Ah Boon, Johor Bahru 81200 Malaysia",,Asian,Asian,+60 16-793 5243,
Del's Kitchen,4.5 ,"61 Jalan Kuning, Johor Bahru 80400 Malaysia",,,,+60 7-331 1611,
Jusu Korean Dessert Cafe,5.0 ,"89, Jalan Mutiara Emas Utama, Taman Mount Austin,, Johor Bahru 81100 Malaysia",,Asian,AsianKorean,+60 16-242 8308,
Breeks Cafe,3.5 ,"106-108 Jalan Wong Ah Fook Level 3, J3-35, Johor Bahru City Square, Johor Bahru 80000 Malaysia",,$$ - $$$,$$ - $$$AmericanCafe,607-207-2036,
Bakso Kubur Cina,5.0 ,"Jalan Pujaan Taman Dato Onn, Johor Bahru 80350 Malaysia",,Asian,AsianIndonesian,,
Han She Kitchen,4.0 ,"14 Jalan Layang 16 Taman Perling, Johor Bahru 81200 Malaysia",,$$ - $$$,$$ - $$$ChineseAsianFusion,+60 12-737 3510,"Lunch, Dinner, Brunch, Drinks"
Coffee Valley,4.0 ,"25 Jalan Eko Botani 3/5 Taman Eko Botani, Johor Bahru 79100 Malaysia",,Cafe,Cafe,+60 16-725 7664,
Kim Loong Restaurant,4.5 ,"19, Jalan Meldrum, Bandar Johor Bahru, Johor Bahru 80000 Malaysia",,Asian,AsianMalaysian,+60 11-1086 0350,
Tony Roma's,3.5 ,"Lot G112, Ground Floor, AEON Mall Tebrau City, No. 1, Jalan Desa Tebrau Lot G112, Ground Floor, AEON Mall Tebrau City, Taman Desa Tebrau, Johor Bahru 81100 Malaysia",,$$ - $$$,$$ - $$$,+60 7-351 0749,"Reservations, Seating, Table Service, Takeout"
Vivo American Pizza & Panini,4.5 ,"Aeon Tebrau City Lot S-29, 2nd Floor, Johor Bahru 81100 Malaysia",,American,American,+60 16-213 7200,
Tom & Danny Coffee,4.5 ,"Lot 99, Jalan Sutera Tanjung 8/3, Tmn Sutera Utama, Johor Bahru 81310 Malaysia",,$$ - $$$,$$ - $$$Dessert,+60 10-760 4202,
Golfer’s Terrace,4.5 ,"No. 1 Jalan Eka Horizon Hills Golf & Country Club, Johor Bahru 79100 Malaysia",,,,+60 7-232 3166,
Bak Kut Teh Food Master Restaurant,4.5 ,"51 Jalan Setia 9/17, Johor Bahru 81100 Malaysia",,,,+60 12-561 8256,
Taiwan Recipe,3.5 ,"Lot LG-44 Lower Ground Floor KSL City 33 Jalan Seladang Taman Abad 80250, Johor Bahru Malaysia",,$$ - $$$,$$ - $$$ChineseAsianTaiwanese,,"Lunch, Dinner, Brunch"
Hao Xiang Ch,5.0 ,"214 Jalan Sri Pelangi Taman Pelangi, Johor Bahru 80400 Malaysia",,Asian,AsianTaiwanese,,
Ship Village Seafood Restaurant,4.0 ,"Jalan Minyak Beku 68, Kampong Segenting, Batu Pahat, Johor Bahru 93000 Malaysia",,Seafood,Seafood,+60 7-428 7184,"Lunch, Dinner"
Haiiro Usagi,4.5 ,"75A, Jalan Maju, Taman Maju Jaya, Johor Bahru 80400 Malaysia",,$,$JapaneseFusion,+60 7-336 0209,"Japanese, Fusion"
The Bierhaus German Pub,4.0 ,"G5 Daiman Bowl Complex No.2, Johor Bahru Malaysia",,German,GermanContemporaryPub,60 7-354 0776,"Lunch, Dinner"
Chi-Gui Mala Hot Pot,4.5 ,"Jalan Dato Abdullah Tahir 01-03，01-05，01-06 Pangsapuri Dwi Galaksi, Johor Bahru 80300 Malaysia",,Chinese,Chinese,+60 7-382 1368,
Ah Ma Lobak Rice,4.0 ,"No. 72 Jalan Kuning, Johor Bahru 80400 Malaysia",,$$ - $$$,$$ - $$$ChineseAsianTaiwanese,+60 7-336 0754,"Chinese, Asian, Taiwanese, Singaporean, Malaysian"
Indonesian Corner Fast Food,4.0 ,"1, Jalan Bayu 2, Taman Perindustrian Tampoi Jaya, Johor Bahru 24083 Malaysia",,$,$,+60 7-232 8366,
Penang Road Famous Teochew Chendul,3.5 ,"106-108 City Square Level 3, Johor Bahru 80000 Malaysia",,$,$DessertAsianMalaysian,,Lunch
Auntie Lim Cafe,3.5 ,"5-1H, Jalan Austin Height Utama, Johor Bahru Malaysia",,$$ - $$$,$$ - $$$,,
Angah Kitchens,4.5 ,"163 Jalan Adda 3/1, Johor Bahru 81100 Malaysia",,$,$Asian,+60 19-782 7277,Asian
ZEN Taiwanese Restaurant,4.0 ,"Lot S26, 2nd Floor, AEON Tebrau City Shopping Centre, 1 Jalan Desa Tebrau, Johor Bahru Malaysia",,Chinese,ChineseAsianTaiwanese,+60 7-352 0980,Reservations
Kai's Sushi Bar,4.0 ,"Iskandar Puteri, 7 Legoland Hôtel, Johor Bahru 79250 Malaysia",,Japanese,Japanese,+60 7-597 8888,
Hoki Cake Bakery,4.5 ,"67 Jalan Austin Heights 8/5 Taman Mount Austin, Johor Bahru 81100 Malaysia",,,,+60 17-779 6965,
Ah Yit Imperial,4.0 ,"2, Jalan Sutera 4, Taman Sentosa, Johor Bahru 80150 Malaysia",,,,+60 7-335 7653,
Sushi Zanmai,3.5 ,"Lot 209, Johor Bahru City Center 80000, Jalan Wong Ah Fook Johor Bahru Komtar JBCC, Johor Bahru 80000 Malaysia",,$$ - $$$,$$ - $$$JapaneseSushiAsian,+60 7-267 9900,"Dinner, Lunch"
Kedai Makanan Sin Kimdo,4.0 ,"25 Jalan Sutera, Johor Bahru 80150 Malaysia",,$$ - $$$,$$ - $$$ChineseSeafoodBarbecue,,Dinner
Fat Butchery,5.0 ,"85, Jalan Beringin, Taman Melodies Taman Melodies, Johor Bahru 80250 Malaysia",,,,+60 13-200 4030,
Restaurant On Kee,4.0 ,"84 86,88,Jalan Permas 10, Bandar Permas Jaya, Johor Bahru 81750 Malaysia",,$$ - $$$,$$ - $$$ChineseCantonese,+60 7-388 2261,Reservations
Bharat Curry House,3.5 ,"27 & 29 Jalan Mutiara Emas 9/3, Johor Bahru 81100 Malaysia",,$$ - $$$,$$ - $$$IndianAsianMalaysian,607 - 357 9619,"Vegetarian Friendly, Halal, Vegan Options"
Starbucks,4.5 ,"Jalan Premium Outlets, Lot 500, Johor Bahru 81000 Malaysia",,American,American,+60 7-590 9143,
Ding Seng Fresh Frog Porridge,3.5 ,"14 Jalan Indah 15/3 Taman Bukit Indah, Johor Bahru 81200 Malaysia",,$$ - $$$,$$ - $$$ChineseAsianSingaporean,+60 19-755 9299,"Dinner, Drinks, Lunch, Brunch"
Buffet House BM,5.0 ,"G-02A, Ground Floor, Menara Zurich, No. 15, Jalan Dato Abdullah Tahir Taman Abad, Johor Bahru 80300 Malaysia",,$,$AmericanAsianThai,+60 11-3108 5541,"American, Asian, Thai, Malaysian"
Good Family Steamboat,5.0 ,"89, 85, Jalan Molek 3/10 Taman Molek, Johor Bahru 81100 Malaysia",,Chinese,ChineseSeafoodAsianSoups,+60 19-711 5572,
27@Cove,4.0 ,"LG-27, Lower Ground Floor, Puteri Cove Quayside, Johor Bahru 79000 Malaysia",,$$$$,$$$$BarBarbecueAsian,+60 7-510 4289,"Bar, Barbecue, Asian, Pub, Fusion, Malaysian"
Mandalika,5.0 ,"33, Jalan Seladang , Taman abad KSL City L1-098, Johor Bahru 80250 Malaysia",,$,$AsianIndonesian,+65 9796 9152,"Asian, Indonesian"
Tabushi Ramen,4.5 ,"No. 51 Jalan Austin Heights 8/3 Gf, Johor Bahru 81100 Malaysia",,,,+60 7-364 6216,
淡杯叻沙 Tampoi Laksa,4.5 ,"No. 17 Jalan Dato Muthuthambi, Johor Bahru 81200 Malaysia",,Chinese,Chinese,+60 16-720 4261,
Choco Choco,5.0 ,"No. 33 Jalan Seladang, Taman Abad, Johor Bahru 80250 Malaysia",,$$ - $$$,$$ - $$$AmericanCafeInternational,+60 16-709 5334,
Star Deli,3.5 ,"22 Jalan Kolam Air 01, Nong Chik Heights, Johor Bahru Malaysia",,$$ - $$$,$$ - $$$MalaysianHalal,+60 7-207 0496,Halal
BACCHUSj,4.5 ,"3 Jalan Nona LG-18, Lower Ground Floor, Johor Bahru 81200 Malaysia",,,,+60 11-2873 3516,
Sofia Di Stefano Bar & Bistro,5.0 ,"No. 3, Jalan Hijauan 3, Horizon Hills, Johor Bahru 79100 Malaysia",,$$$$,$$$$ItalianSouthwesternBar,+60 16-761 5824,"Italian, Southwestern, Bar, Pizza, Mediterranean"
Corner 61,5.0 ,"61 Jalan Sutera Tanjung 8/3 Taman Sutera Utama, Skudai, Johor, Malaysia, Johor Bahru Malaysia",,$$ - $$$,$$ - $$$SouthwesternAsian,6075542260,"Southwestern, Asian"
Durian Specialist,5.0 ,"Jalan Tropika 1/29, Taman Setia Tropika, Johor Bahru 81200 Malaysia",,Asian,AsianThaiMalaysian,+60 17-703 1125,
Chicken Delight,4.5 ,"15 Jalan Indah No. 0113, Level 1, Indahwalk 3, Taman Bukit Indah, Johor Bahru 81200 Malaysia",,$,$SouthwesternFast foodAsian,6072396138,"Southwestern, Fast food, Asian, Malaysian"
Guangxi Lao You Ji Restaurant,4.5 ,"No 2 Jalan Rosmerah 2/13 Taman Johor Jaya, Johor Bahru 81100 Malaysia",,,,+60 7-355 1088,"Takeout, Reservations, Buffet, Seating, Street Parking, Free off-street parking, Television, Serves Alcohol, Free Wifi"
Kerala Restaurant,4.0 ,"55, Jalan Tun Abdul Razak Susur 1/1 Wadi Hana, Johor Bahru 80000 Malaysia",,Indian,IndianSeafoodVegetarian FriendlyVegan Options,60 7-223 4282,"Vegetarian Friendly, Vegan Options"
Restoran Tapai Tang,4.0 ,"Jalan Chengai, Johor Bahru 80250 Malaysia",,,,6073333662,
Oleg Inspired By G Cafe,4.0 ,"Lot M3-04, Level 3, Podium 1, 106-108, Jalan Wong Ah Fook, Johor Bahru 80000 Malaysia",,Cafe,Cafe,+60 7-362 1561,
Sugar & Flour Creative patisserie,4.5 ,"65A Jalan Sutera Tanjung 8/2, Johor Bahru 81300 Malaysia",,Bakeries,Bakeries,+60 19-736 3366,
Old Town White Coffee,3.5 ,"Unit LG03 & LG04, Little Red Cube, Puteri Harbor, Nusajaya, Johor Bahru 79000 Malaysia",,$$ - $$$,$$ - $$$CafeMalaysian,+60 7-509 6186,Breakfast
Hwa Mei Bak Kut Teh,4.0 ,"146 Jalan Lumba Kuda Bukit Chagar, Johor Bahru Malaysia",,,,,
La Gourmet Desserts,3.5 ,"No 11 Jalan Kuning 2, Johor Bahru 80400 Malaysia",,Dessert,DessertCafe,+60 7-336 1911,
Sisters BBQ Korean Family Restaurant,4.0 ,"37 Jalan Indah 15/2, Johor Bahru 81200 Malaysia",,Asian,AsianKorean,+60 7-244 8259,
Restoran Tepi Pantai,3.5 ,"Kg. Teluk Jawa Masai, Johor Bahru 81750 Malaysia",,Chinese,ChineseSeafoodAsian,+60 7-388 2070,"Lunch, Dinner"
Hao Yun Restaurant,5.0 ,"22 Jalan Impian Senai 1, Johor Bahru 81100 Malaysia",,Chinese,Chinese,+60 17-736 2618,
Ikar,4.5 ,"No. 32G, Jalan Bestari 5/2 Taman Nusa Bestari, Johor Bahru 79150 Malaysia",,Chinese,Chinese,+60 12-711 6880,"Breakfast, Lunch, Dinner, Brunch"
Verbena,5.0 ,"Jalan Austin Perdana 3, Austin 18, Johor Bahru 81100 Malaysia",,Asian,AsianMalaysian,+60 7-212 1213,"Lunch, Dinner"
Marine Kitchen,4.5 ,"97, Jalan Beringin, Taman Melodies, Johor Bahru 80250 Malaysia",,$$ - $$$,$$ - $$$SeafoodFusion,+60 12-711 5434,"Fusion, Seafood"
Moonlight Cake House Mount Austin,3.5 ,"No. 27 Jalan Austin Height 3 Taman Mount Austin, Johor Bahru 81100 Malaysia",,$$ - $$$,$$ - $$$ChineseSteakhouseCafe,+60 7-354 3311,
Suriyan Kitchen,4.0 ,"PTD 209400 LOT 205954 Jalan Permas Utara 1, BandarBaru, Johor Bahru 81750 Malaysia",,$$$$,$$$$IndianSouthwesternBarbecue,+60 17-201 9334,"Indian, Southwestern, Barbecue, Asian, Wine Bar"
Bert's Keller,4.5 ,"23 Jalan Pelanduk Taman Century, Johor Bahru 80250 Malaysia",,,,6073358788,
Awagyu Restaurant,4.5 ,"No 25C Jalan Dato Abdullah Tahir Taman Abad, Johor Bahru 80300 Malaysia",,$$ - $$$,$$ - $$$Japanese,+60 11-5776 4363,Japanese
Restoran Kip,5.0 ,"31, Jalan Indah 5/7, Taman Bukit Indah, Johor Bahru 81200 Malaysia",,,,+60 19-754 3020,
Subway,4.0 ,"Lot No. R11, Nusajaya Anjung Neighbourhood Centre, Johor Bahru 79250 Malaysia",,$$ - $$$,$$ - $$$AmericanFast food,+60 7-509 9540,
Qin Garden Kopitiam,4.0 ,"12 Jalan Trus, Johor Bahru 80000 Malaysia",,$,$,+60 12-721 1826,
Tip Top Grilled Fish & Drinks,4.5 ,"Stall 11, Jalan Mohamad Amin Food Centre, junctions Jalan Sungai Chat, Johor Bahru 80100 Malaysia",,,,+60 16-783 6966,
Restoran Reaz Corner,4.0 ,"S-24A, Jalan Dhoby, Johor Bahru 80000 Malaysia",,Middle Eastern,Middle Eastern,+60 13-744 0089,
Hock Heng Pandan Beef Ball,4.0 ,"169 Jalan Keris 1 Taman Sri Tebrau, Johor Bahru 80050 Malaysia",,Chinese,ChineseAsian,,
Paik's Pan,3.5 ,"NO. 33 Jalan Seladang LG-38, Level Lower Ground Floor, Ksl City, Taman Abad, Johor Bahru 80250 Malaysia",,$$ - $$$,$$ - $$$AsianKorean,6072891024,"Korean, Asian"
Russell Kitchen,5.0 ,"Paradigm Residence, Johor Bahru 81200 Malaysia",,$$ - $$$,$$ - $$$Fusion,+60166726001,Fusion
Furusato Japanese Restaurant,5.0 ,"53 Jalan Kuning 2, Johor Bahru 80400 Malaysia",,$$$$,$$$$Japanese,+60 7-331 4428,
936 Kitchen,5.0 ,"Lot PTB 22056, Skudai Lbh, Danga Bay, Johor Bahru 80200 Malaysia",,Cafe,CafeContemporaryFusionHealthy,+60 7-859 0413,"Lunch, Dinner, Drinks"
Bakar Bakar Steamboat & Grill,3.5 ,"No. 1 1-01 Jalan Padi Emas 1/5 Uda Business Centre, Johor Bahru 81200 Malaysia",,$$ - $$$,$$ - $$$,+60 17-784 2210,
Madam Kwan's Mid Valley Southkey,5.0 ,"Midvalley Southkey, No 1, Persiaran Southkey 1 Lot F-001, Johor Bahru 80150 Malaysia",,Asian,AsianMalaysian,+60 7-288 1360,"Breakfast, Lunch, Dinner"
The Toast (Johor Jaya),5.0 ,"1, Jalan Masai Baru, Johor Jaya, 81100 Johor Bahru, Johor Bahru 81100 Malaysia",,Chinese,Chinese,,"Breakfast, Lunch, Dinner, Brunch"
Kerry’s Filipino & Asian Cuisine,,"G-25, Jalan Permas 10/5, G25, Johor Bahru 81750 Malaysia",,$$$$,$$$$Asian,+60 11-3132 0619,Asian
Drop Off Cafe Industry,5.0 ,"Lot 2928 103 Jalan Kempas Baru, Johor Bahru 81200 Malaysia",,Cafe,Cafe,+60 11-2169 6857,
B.E. Cafe,4.0 ,"2 Jalan Bestari 1/5, Johor Bahru 81300 Malaysia",,Cafe,Cafe,+60 7-364 3128,"Breakfast, Lunch, Dinner"
Fishionary Bistro Jb,4.5 ,"Jalan Kuning G15, Plaza Mentari Suncity, Taman Pelangi, Johor Bahru 80400 Malaysia",,$$ - $$$,$$ - $$$ChineseSeafoodAsian,+60 7-330 5751,"Chinese, Seafood, Asian, Fusion, Soups"
Penang 101   A taste of Penang ,5.0 ,"1 blok B Pusat perniagaan, taman daya, Johor Bahru Malaysia",,Chinese,ChineseAsianSingaporeanMalaysian,+60 16-708 8048,"Lunch, Dinner, Brunch, Drinks"
Rasa Repablik,4.5 ,"16 Jalan Padi Emas 1/4 Bandar Baru Uda, Johor Bahru 81100 Malaysia",,$,$IndianAsianThai,+60 13-718 8008,"Indian, Asian, Thai, Malaysian"
De Souza Restaurant ,5.0 ,"No.25, 7/8, Persiaran Austin Heights, Taman Mount, Johor Bahru 81100 Malaysia",,Asian,AsianGrillMalaysian,+60 17-774 4586,"Dinner, Brunch, Lunch"
Kopitiam Kim,4.0 ,"38 Jalan Kuning Taman Pelangi, Johor Bahru 80400 Malaysia",,,,+60 7-336 3542,
